date,자치구,all_idx,apt_idx,region
2010.01,서울시,96.2,95.4,100
2010.01,종로구,92.7,92.6,101
2010.01,중구,94.6,98.5,102
2010.01,용산구,102.7,104.6,103
2010.01,성동구,96,92.6,104
2010.01,광진구,90.1,94.5,105
2010.01,동대문구,93.2,90.8,106
2010.01,중랑구,96.4,98,107
2010.01,성북구,97.8,96.6,108
2010.01,강북구,100.5,100.9,109
2010.01,도봉구,104.9,104.6,110
2010.01,노원구,98.3,96.9,111
2010.01,은평구,96.9,97.5,112
2010.01,서대문구,96.3,92.5,113
2010.01,마포구,91.6,90.9,114
2010.01,양천구,98.8,98.3,115
2010.01,강서구,98.8,97.1,116
2010.01,구로구,96,92.7,117
2010.01,금천구,96.3,93.5,118
2010.01,영등포구,96.1,95.3,119
2010.01,동작구,93.2,92.9,120
2010.01,관악구,93.7,92.6,121
2010.01,서초구,91.8,90.8,122
2010.01,강남구,93.4,93.2,123
2010.01,송파구,95.7,95.4,124
2010.01,강동구,95.9,93.1,125
2010.02,서울시,96.4,95.7,100
2010.02,종로구,92.7,92.7,101
2010.02,중구,94.8,99,102
2010.02,용산구,102.8,104.7,103
2010.02,성동구,96.1,92.7,104
2010.02,광진구,90.5,94.8,105
2010.02,동대문구,93.3,90.8,106
2010.02,중랑구,96.4,98.1,107
2010.02,성북구,97.9,96.6,108
2010.02,강북구,101,101,109
2010.02,도봉구,104.9,104.6,110
2010.02,노원구,98.3,96.9,111
2010.02,은평구,96.9,97.5,112
2010.02,서대문구,96.6,92.6,113
2010.02,마포구,91.9,91,114
2010.02,양천구,99,98.6,115
2010.02,강서구,98.9,97.1,116
2010.02,구로구,96.1,92.8,117
2010.02,금천구,96.3,93.6,118
2010.02,영등포구,96.5,95.8,119
2010.02,동작구,93.2,92.9,120
2010.02,관악구,93.8,92.8,121
2010.02,서초구,92.5,91.7,122
2010.02,강남구,94,93.5,123
2010.02,송파구,96,95.8,124
2010.02,강동구,96.5,93.9,125
2010.03,서울시,96.5,95.6,100
2010.03,종로구,92.9,92.8,101
2010.03,중구,95.2,99.2,102
2010.03,용산구,102.8,104.8,103
2010.03,성동구,96.1,92.7,104
2010.03,광진구,90.6,94.9,105
2010.03,동대문구,93.4,90.9,106
2010.03,중랑구,96.5,98.1,107
2010.03,성북구,98,96.4,108
2010.03,강북구,101.4,101.5,109
2010.03,도봉구,104.8,104.6,110
2010.03,노원구,98.1,96.7,111
2010.03,은평구,96.9,97.1,112
2010.03,서대문구,96.8,92.6,113
2010.03,마포구,92.4,91.1,114
2010.03,양천구,99,98.6,115
2010.03,강서구,98.8,96.7,116
2010.03,구로구,96.1,92.9,117
2010.03,금천구,96.5,93.8,118
2010.03,영등포구,96.4,95.6,119
2010.03,동작구,93.4,93,120
2010.03,관악구,93.8,92.7,121
2010.03,서초구,92.6,91.9,122
2010.03,강남구,94.1,93.6,123
2010.03,송파구,96.2,96,124
2010.03,강동구,96.6,93.9,125
2010.04,서울시,96.5,95.5,100
2010.04,종로구,92.9,92.7,101
2010.04,중구,95.5,99.1,102
2010.04,용산구,102.9,104.9,103
2010.04,성동구,96.1,92.7,104
2010.04,광진구,90.8,94.9,105
2010.04,동대문구,94.2,92.6,106
2010.04,중랑구,96.4,98,107
2010.04,성북구,97.9,96.2,108
2010.04,강북구,101.1,101.2,109
2010.04,도봉구,104.7,104.4,110
2010.04,노원구,97.5,96.1,111
2010.04,은평구,97,96.9,112
2010.04,서대문구,96.8,92.6,113
2010.04,마포구,92.3,91,114
2010.04,양천구,99.4,98.4,115
2010.04,강서구,98.8,96.6,116
2010.04,구로구,96,92.9,117
2010.04,금천구,96.6,94,118
2010.04,영등포구,96.6,95.6,119
2010.04,동작구,93.4,93.1,120
2010.04,관악구,93.7,92.5,121
2010.04,서초구,92.5,91.8,122
2010.04,강남구,94,93.5,123
2010.04,송파구,96.3,95.9,124
2010.04,강동구,96.4,93.6,125
2010.05,서울시,96.2,95.1,100
2010.05,종로구,92.8,92.6,101
2010.05,중구,95.4,98.9,102
2010.05,용산구,102.7,104.8,103
2010.05,성동구,95.9,92.4,104
2010.05,광진구,90.9,94.8,105
2010.05,동대문구,94.2,92.5,106
2010.05,중랑구,96.3,97.9,107
2010.05,성북구,97.4,95.4,108
2010.05,강북구,100.9,100.4,109
2010.05,도봉구,104.3,103.7,110
2010.05,노원구,96.8,95.3,111
2010.05,은평구,97.1,96.8,112
2010.05,서대문구,96.8,92.6,113
2010.05,마포구,92.1,90.7,114
2010.05,양천구,99.2,98,115
2010.05,강서구,98.4,96,116
2010.05,구로구,95.9,92.8,117
2010.05,금천구,96.5,93.8,118
2010.05,영등포구,96.4,95.5,119
2010.05,동작구,93.4,93,120
2010.05,관악구,93.7,91.9,121
2010.05,서초구,92.2,91.5,122
2010.05,강남구,93.5,92.8,123
2010.05,송파구,95.9,95.5,124
2010.05,강동구,95.9,93,125
2010.06,서울시,96,94.8,100
2010.06,종로구,92.8,92.7,101
2010.06,중구,95.3,98.8,102
2010.06,용산구,102.3,104.3,103
2010.06,성동구,95.8,92.5,104
2010.06,광진구,90.8,94.7,105
2010.06,동대문구,94.3,92.8,106
2010.06,중랑구,96.3,97.9,107
2010.06,성북구,97.2,95,108
2010.06,강북구,100.9,100.2,109
2010.06,도봉구,103.4,102.5,110
2010.06,노원구,96.1,94.6,111
2010.06,은평구,96.8,95.8,112
2010.06,서대문구,96.7,92.4,113
2010.06,마포구,92.1,90.8,114
2010.06,양천구,99,97.5,115
2010.06,강서구,98.2,95.6,116
2010.06,구로구,95.7,92.6,117
2010.06,금천구,96.5,94.1,118
2010.06,영등포구,95.9,95,119
2010.06,동작구,93.2,92.9,120
2010.06,관악구,93.4,91.7,121
2010.06,서초구,91.9,91.2,122
2010.06,강남구,93.2,92.4,123
2010.06,송파구,96.1,95.2,124
2010.06,강동구,95.7,92.5,125
2010.07,서울시,95.7,94.3,100
2010.07,종로구,92.7,92.5,101
2010.07,중구,95.4,98.5,102
2010.07,용산구,102.2,104.5,103
2010.07,성동구,95.6,92.3,104
2010.07,광진구,90.8,94.6,105
2010.07,동대문구,94.1,92.5,106
2010.07,중랑구,96.3,97.9,107
2010.07,성북구,96.9,94.6,108
2010.07,강북구,100.2,99.6,109
2010.07,도봉구,102.8,101.6,110
2010.07,노원구,95.7,94.1,111
2010.07,은평구,96.6,94.8,112
2010.07,서대문구,96.6,92.3,113
2010.07,마포구,91.7,89.9,114
2010.07,양천구,98.2,96.6,115
2010.07,강서구,97.3,94.8,116
2010.07,구로구,95.1,92,117
2010.07,금천구,96.2,93.6,118
2010.07,영등포구,95.4,94.2,119
2010.07,동작구,93.1,92.8,120
2010.07,관악구,93.2,91.4,121
2010.07,서초구,91.8,91,122
2010.07,강남구,93.1,92.2,123
2010.07,송파구,95.8,94.8,124
2010.07,강동구,95.5,92.2,125
2010.08,서울시,95.3,93.9,100
2010.08,종로구,92.6,92.1,101
2010.08,중구,95.5,98.3,102
2010.08,용산구,101.2,103.9,103
2010.08,성동구,95.4,92.2,104
2010.08,광진구,90.8,94.5,105
2010.08,동대문구,94.1,92.4,106
2010.08,중랑구,96.2,97.7,107
2010.08,성북구,96.5,94.1,108
2010.08,강북구,99.7,99.6,109
2010.08,도봉구,101.7,100.3,110
2010.08,노원구,95.3,93.7,111
2010.08,은평구,96.5,94.2,112
2010.08,서대문구,96.3,91.7,113
2010.08,마포구,91.5,89.7,114
2010.08,양천구,97.8,95.7,115
2010.08,강서구,96.5,94.3,116
2010.08,구로구,94.6,91.8,117
2010.08,금천구,96,93.1,118
2010.08,영등포구,94.8,93.8,119
2010.08,동작구,93,92.8,120
2010.08,관악구,93.1,91.3,121
2010.08,서초구,91.7,90.9,122
2010.08,강남구,92.7,91.6,123
2010.08,송파구,95.4,94.1,124
2010.08,강동구,95.1,91.8,125
2010.09,서울시,95.1,93.6,100
2010.09,종로구,92.7,92.1,101
2010.09,중구,95.5,98.2,102
2010.09,용산구,100.8,103.5,103
2010.09,성동구,95.4,92.2,104
2010.09,광진구,90.8,94.4,105
2010.09,동대문구,94.1,92.3,106
2010.09,중랑구,96.2,97.6,107
2010.09,성북구,96.2,94,108
2010.09,강북구,99.2,99.6,109
2010.09,도봉구,101.5,100,110
2010.09,노원구,94.7,93,111
2010.09,은평구,96.1,93.5,112
2010.09,서대문구,96.3,91.7,113
2010.09,마포구,91.4,89.5,114
2010.09,양천구,97.9,95.6,115
2010.09,강서구,96.3,94,116
2010.09,구로구,94.3,91.6,117
2010.09,금천구,95.9,92.8,118
2010.09,영등포구,94.6,93.6,119
2010.09,동작구,93,92.6,120
2010.09,관악구,93.1,91.2,121
2010.09,서초구,91.6,90.8,122
2010.09,강남구,92.6,91.5,123
2010.09,송파구,95.1,93.7,124
2010.09,강동구,95.1,91.6,125
2010.1,서울시,95,93.4,100
2010.1,종로구,92.8,92,101
2010.1,중구,95.5,98.3,102
2010.1,용산구,100.7,103.3,103
2010.1,성동구,95.2,92,104
2010.1,광진구,90.8,94.4,105
2010.1,동대문구,94,92.3,106
2010.1,중랑구,96.1,97.6,107
2010.1,성북구,96.1,93.9,108
2010.1,강북구,99.1,99.1,109
2010.1,도봉구,101.3,99.7,110
2010.1,노원구,94.3,92.6,111
2010.1,은평구,95.8,93.3,112
2010.1,서대문구,96.4,91.5,113
2010.1,마포구,91.6,89.4,114
2010.1,양천구,97.9,95.5,115
2010.1,강서구,96.1,93.7,116
2010.1,구로구,94.2,91.4,117
2010.1,금천구,95.8,92.7,118
2010.1,영등포구,94.5,93.5,119
2010.1,동작구,92.8,92.5,120
2010.1,관악구,93,91.2,121
2010.1,서초구,91.6,90.8,122
2010.1,강남구,92.5,91.4,123
2010.1,송파구,94.9,93.5,124
2010.1,강동구,95,91.5,125
2010.11,서울시,95,93.3,100
2010.11,종로구,92.8,92.1,101
2010.11,중구,95.5,98.3,102
2010.11,용산구,100.3,102.8,103
2010.11,성동구,95,91.7,104
2010.11,광진구,90.7,93.9,105
2010.11,동대문구,94,92.2,106
2010.11,중랑구,96.2,97.7,107
2010.11,성북구,96.1,93.8,108
2010.11,강북구,99,98.6,109
2010.11,도봉구,101.2,99.6,110
2010.11,노원구,94.2,92.6,111
2010.11,은평구,95.5,93.2,112
2010.11,서대문구,96.5,91.3,113
2010.11,마포구,91.6,89.4,114
2010.11,양천구,97.9,95.5,115
2010.11,강서구,96.1,93.6,116
2010.11,구로구,94,91.1,117
2010.11,금천구,95.4,91.9,118
2010.11,영등포구,94.5,93.4,119
2010.11,동작구,92.6,92.1,120
2010.11,관악구,92.9,91.1,121
2010.11,서초구,91.6,90.7,122
2010.11,강남구,92.4,91.2,123
2010.11,송파구,95,93.4,124
2010.11,강동구,95.3,91.9,125
2010.12,서울시,95,93.4,100
2010.12,종로구,92.8,92,101
2010.12,중구,95.8,98.5,102
2010.12,용산구,100.1,102.9,103
2010.12,성동구,95,91.7,104
2010.12,광진구,90.9,94,105
2010.12,동대문구,94,92.2,106
2010.12,중랑구,96.2,97.8,107
2010.12,성북구,96.1,93.9,108
2010.12,강북구,98.9,98.4,109
2010.12,도봉구,101,99.3,110
2010.12,노원구,94.1,92.5,111
2010.12,은평구,95.4,93.2,112
2010.12,서대문구,96.5,91.4,113
2010.12,마포구,91.7,89.4,114
2010.12,양천구,98.1,95.7,115
2010.12,강서구,96.1,93.6,116
2010.12,구로구,94,91,117
2010.12,금천구,95,91.1,118
2010.12,영등포구,94.5,93.4,119
2010.12,동작구,92.6,92.1,120
2010.12,관악구,93,91.2,121
2010.12,서초구,91.8,91,122
2010.12,강남구,92.6,91.5,123
2010.12,송파구,95.1,93.7,124
2010.12,강동구,95.5,92.1,125
2011.01,서울시,95.2,93.5,100
2011.01,종로구,93.1,92,101
2011.01,중구,95.9,98.5,102
2011.01,용산구,100.1,102.9,103
2011.01,성동구,94.9,91.8,104
2011.01,광진구,91.3,94.2,105
2011.01,동대문구,94,92.2,106
2011.01,중랑구,96.3,97.9,107
2011.01,성북구,96.1,93.9,108
2011.01,강북구,98.9,98.4,109
2011.01,도봉구,101,99.3,110
2011.01,노원구,94,92.5,111
2011.01,은평구,95.5,93.3,112
2011.01,서대문구,96.7,91.5,113
2011.01,마포구,91.8,89.6,114
2011.01,양천구,98.4,96,115
2011.01,강서구,96.7,93.6,116
2011.01,구로구,94.1,91.1,117
2011.01,금천구,95.1,91.3,118
2011.01,영등포구,94.5,93.5,119
2011.01,동작구,92.7,92.2,120
2011.01,관악구,93.2,91.2,121
2011.01,서초구,92.2,91.5,122
2011.01,강남구,92.8,91.7,123
2011.01,송파구,95.5,94,124
2011.01,강동구,95.8,92.3,125
2011.02,서울시,95.4,93.8,100
2011.02,종로구,93.2,92.1,101
2011.02,중구,96,98.6,102
2011.02,용산구,100.3,103.1,103
2011.02,성동구,95,91.9,104
2011.02,광진구,91.8,94.5,105
2011.02,동대문구,94.1,92.3,106
2011.02,중랑구,96.4,98.1,107
2011.02,성북구,96.2,94.1,108
2011.02,강북구,99,98.4,109
2011.02,도봉구,101.2,99.6,110
2011.02,노원구,94.1,92.6,111
2011.02,은평구,95.5,93.4,112
2011.02,서대문구,96.7,91.5,113
2011.02,마포구,92,90,114
2011.02,양천구,98.6,96.3,115
2011.02,강서구,96.7,93.6,116
2011.02,구로구,94.2,91.3,117
2011.02,금천구,95.4,91.3,118
2011.02,영등포구,94.8,93.7,119
2011.02,동작구,92.9,92.4,120
2011.02,관악구,93.9,91.5,121
2011.02,서초구,92.8,92.2,122
2011.02,강남구,93.2,92.2,123
2011.02,송파구,95.9,94.4,124
2011.02,강동구,96.2,92.7,125
2011.03,서울시,95.6,93.9,100
2011.03,종로구,93.3,92.7,101
2011.03,중구,96.1,98.8,102
2011.03,용산구,100.4,103.5,103
2011.03,성동구,95.4,92,104
2011.03,광진구,92.8,94.6,105
2011.03,동대문구,94.4,92.5,106
2011.03,중랑구,96.4,98.2,107
2011.03,성북구,96.3,94.2,108
2011.03,강북구,99.1,98.4,109
2011.03,도봉구,101.3,99.6,110
2011.03,노원구,94.2,92.7,111
2011.03,은평구,96,93.4,112
2011.03,서대문구,97.1,91.7,113
2011.03,마포구,92.2,90.1,114
2011.03,양천구,98.7,96.4,115
2011.03,강서구,96.8,93.6,116
2011.03,구로구,94.4,91.5,117
2011.03,금천구,95.7,91.3,118
2011.03,영등포구,95,93.9,119
2011.03,동작구,93,92.5,120
2011.03,관악구,94.5,91.7,121
2011.03,서초구,92.9,92.4,122
2011.03,강남구,93.3,92.4,123
2011.03,송파구,96.1,94.5,124
2011.03,강동구,96.5,93,125
2011.04,서울시,95.7,93.9,100
2011.04,종로구,93.4,92.7,101
2011.04,중구,96.1,98.8,102
2011.04,용산구,100.3,103.5,103
2011.04,성동구,95.4,92,104
2011.04,광진구,93,94.6,105
2011.04,동대문구,94.5,92.4,106
2011.04,중랑구,96.7,98.7,107
2011.04,성북구,96.3,94.3,108
2011.04,강북구,100.4,98.4,109
2011.04,도봉구,101.3,99.7,110
2011.04,노원구,94.1,92.7,111
2011.04,은평구,95.8,93.4,112
2011.04,서대문구,97.5,91.7,113
2011.04,마포구,92,90,114
2011.04,양천구,98.8,96.4,115
2011.04,강서구,97.3,93.6,116
2011.04,구로구,94.4,91.4,117
2011.04,금천구,95.7,91.3,118
2011.04,영등포구,95,93.9,119
2011.04,동작구,93,92.5,120
2011.04,관악구,94.8,91.9,121
2011.04,서초구,92.9,92.4,122
2011.04,강남구,93.2,92.3,123
2011.04,송파구,96.1,94.4,124
2011.04,강동구,97.2,93.1,125
2011.05,서울시,95.9,93.9,100
2011.05,종로구,94.1,92.5,101
2011.05,중구,96.3,98.8,102
2011.05,용산구,100.3,103.4,103
2011.05,성동구,95.5,92.1,104
2011.05,광진구,93,94.6,105
2011.05,동대문구,94.8,92.4,106
2011.05,중랑구,96.6,98.7,107
2011.05,성북구,96.4,94.3,108
2011.05,강북구,100.4,98.4,109
2011.05,도봉구,101.2,99.8,110
2011.05,노원구,94.3,92.7,111
2011.05,은평구,95.5,93.3,112
2011.05,서대문구,97.5,91.8,113
2011.05,마포구,92,90.2,114
2011.05,양천구,98.8,96.3,115
2011.05,강서구,97.5,93.7,116
2011.05,구로구,94.3,91.4,117
2011.05,금천구,95.7,91.3,118
2011.05,영등포구,95.1,93.8,119
2011.05,동작구,93.3,92.5,120
2011.05,관악구,94.9,91.7,121
2011.05,서초구,93,92.5,122
2011.05,강남구,93.2,92.3,123
2011.05,송파구,96.7,94.4,124
2011.05,강동구,98,93.3,125
2011.06,서울시,95.8,93.8,100
2011.06,종로구,94.2,92.6,101
2011.06,중구,96.3,98.8,102
2011.06,용산구,100.2,103.4,103
2011.06,성동구,95.6,92.1,104
2011.06,광진구,93.4,94.6,105
2011.06,동대문구,94.7,92.3,106
2011.06,중랑구,96.7,98.7,107
2011.06,성북구,96.3,94.3,108
2011.06,강북구,100.4,98.4,109
2011.06,도봉구,101.3,99.7,110
2011.06,노원구,94.2,92.6,111
2011.06,은평구,95.8,93.2,112
2011.06,서대문구,97.5,91.7,113
2011.06,마포구,91.9,90,114
2011.06,양천구,98.7,96.1,115
2011.06,강서구,97.4,93.5,116
2011.06,구로구,94.5,91.4,117
2011.06,금천구,95.8,91.2,118
2011.06,영등포구,95.1,93.8,119
2011.06,동작구,93.2,92.5,120
2011.06,관악구,94.9,91.8,121
2011.06,서초구,92.9,92.4,122
2011.06,강남구,93.1,92.2,123
2011.06,송파구,96.6,94.3,124
2011.06,강동구,97.7,92.8,125
2011.07,서울시,95.8,93.7,100
2011.07,종로구,94.2,92.5,101
2011.07,중구,96.3,98.7,102
2011.07,용산구,100,103.4,103
2011.07,성동구,95.5,92.1,104
2011.07,광진구,93.5,94.6,105
2011.07,동대문구,94.8,92.3,106
2011.07,중랑구,96.7,98.6,107
2011.07,성북구,96.2,94.3,108
2011.07,강북구,100.3,98.3,109
2011.07,도봉구,101.3,99.6,110
2011.07,노원구,94.1,92.5,111
2011.07,은평구,95.7,93.2,112
2011.07,서대문구,98.2,91.7,113
2011.07,마포구,91.7,89.8,114
2011.07,양천구,98.5,95.9,115
2011.07,강서구,97.3,93.3,116
2011.07,구로구,94.4,91.3,117
2011.07,금천구,95.7,91,118
2011.07,영등포구,95.1,93.7,119
2011.07,동작구,93,92.2,120
2011.07,관악구,95,91.5,121
2011.07,서초구,93,92.4,122
2011.07,강남구,93,91.9,123
2011.07,송파구,96.5,94.1,124
2011.07,강동구,97.2,92.2,125
2011.08,서울시,95.9,93.6,100
2011.08,종로구,94.3,93,101
2011.08,중구,96.5,98.5,102
2011.08,용산구,99.9,103.2,103
2011.08,성동구,95.4,91.9,104
2011.08,광진구,96,94.6,105
2011.08,동대문구,95.6,92.4,106
2011.08,중랑구,96.8,98.5,107
2011.08,성북구,96.1,94.2,108
2011.08,강북구,100.2,98,109
2011.08,도봉구,101.2,99.4,110
2011.08,노원구,93.9,92.3,111
2011.08,은평구,95.6,92.8,112
2011.08,서대문구,98.2,91.6,113
2011.08,마포구,91.8,89.7,114
2011.08,양천구,98.4,95.8,115
2011.08,강서구,97.1,93,116
2011.08,구로구,94.4,91.3,117
2011.08,금천구,97,91.5,118
2011.08,영등포구,94.9,93.6,119
2011.08,동작구,93.1,92.1,120
2011.08,관악구,95.1,91.5,121
2011.08,서초구,93.1,92.4,122
2011.08,강남구,93.2,91.9,123
2011.08,송파구,96.5,94,124
2011.08,강동구,97.3,92.2,125
2011.09,서울시,95.9,93.5,100
2011.09,종로구,94.4,93,101
2011.09,중구,96.6,98.5,102
2011.09,용산구,99.7,103,103
2011.09,성동구,95.3,92,104
2011.09,광진구,96.3,94.5,105
2011.09,동대문구,95.5,92.3,106
2011.09,중랑구,96.8,98.5,107
2011.09,성북구,96.2,94.2,108
2011.09,강북구,100.2,97.7,109
2011.09,도봉구,101.1,99.4,110
2011.09,노원구,93.6,92.1,111
2011.09,은평구,95.5,92.8,112
2011.09,서대문구,98.1,91.5,113
2011.09,마포구,91.6,89.6,114
2011.09,양천구,98.4,95.5,115
2011.09,강서구,96.9,92.6,116
2011.09,구로구,94.4,91.2,117
2011.09,금천구,97.2,91.3,118
2011.09,영등포구,94.9,93.5,119
2011.09,동작구,93.2,92,120
2011.09,관악구,95.4,91.5,121
2011.09,서초구,93.2,92.5,122
2011.09,강남구,93.1,91.7,123
2011.09,송파구,96.7,93.9,124
2011.09,강동구,97.4,92.2,125
2011.1,서울시,95.9,93.3,100
2011.1,종로구,94.4,93.1,101
2011.1,중구,96.6,98.5,102
2011.1,용산구,99.5,102.9,103
2011.1,성동구,95.3,92.1,104
2011.1,광진구,96.5,94.6,105
2011.1,동대문구,95.6,92.2,106
2011.1,중랑구,96.8,98.5,107
2011.1,성북구,96.4,94.2,108
2011.1,강북구,100.1,97.7,109
2011.1,도봉구,101.1,99.4,110
2011.1,노원구,93.5,92,111
2011.1,은평구,95.5,92.7,112
2011.1,서대문구,98.1,91.5,113
2011.1,마포구,91.5,89.6,114
2011.1,양천구,98,95,115
2011.1,강서구,97.1,92.5,116
2011.1,구로구,94.4,91.1,117
2011.1,금천구,97.1,90.8,118
2011.1,영등포구,94.7,93.3,119
2011.1,동작구,93.5,92,120
2011.1,관악구,95.7,91.4,121
2011.1,서초구,93.2,92.4,122
2011.1,강남구,92.9,91.5,123
2011.1,송파구,96.7,93.7,124
2011.1,강동구,97.4,92.1,125
2011.11,서울시,95.8,93.2,100
2011.11,종로구,94.8,93,101
2011.11,중구,96.6,98.5,102
2011.11,용산구,99.4,102.8,103
2011.11,성동구,95.3,92.1,104
2011.11,광진구,96.3,94.5,105
2011.11,동대문구,95.4,92,106
2011.11,중랑구,96.8,98.4,107
2011.11,성북구,96.3,94.2,108
2011.11,강북구,99.9,97.6,109
2011.11,도봉구,101.1,99.3,110
2011.11,노원구,93.3,91.8,111
2011.11,은평구,95.7,92.6,112
2011.11,서대문구,98.1,91.5,113
2011.11,마포구,91.5,89.6,114
2011.11,양천구,97.6,94.5,115
2011.11,강서구,97,92.3,116
2011.11,구로구,94.2,91,117
2011.11,금천구,97.1,90.7,118
2011.11,영등포구,94.6,93.2,119
2011.11,동작구,93.5,92,120
2011.11,관악구,95.7,91.4,121
2011.11,서초구,93,92.2,122
2011.11,강남구,92.8,91.3,123
2011.11,송파구,96.7,93.4,124
2011.11,강동구,97.2,91.8,125
2011.12,서울시,95.7,93,100
2011.12,종로구,94.9,92.9,101
2011.12,중구,96.6,98.3,102
2011.12,용산구,98.7,102.6,103
2011.12,성동구,95.3,92.1,104
2011.12,광진구,96.2,94.5,105
2011.12,동대문구,95.4,92,106
2011.12,중랑구,96.7,98.3,107
2011.12,성북구,96.2,94.2,108
2011.12,강북구,99.8,97.4,109
2011.12,도봉구,101,99.2,110
2011.12,노원구,93.1,91.6,111
2011.12,은평구,95.6,92.6,112
2011.12,서대문구,98.2,91.4,113
2011.12,마포구,91.4,89.6,114
2011.12,양천구,97.4,94.2,115
2011.12,강서구,96.9,92.2,116
2011.12,구로구,94.1,90.9,117
2011.12,금천구,97.1,90.6,118
2011.12,영등포구,94.4,92.9,119
2011.12,동작구,93.5,91.9,120
2011.12,관악구,95.7,91.3,121
2011.12,서초구,92.9,92.1,122
2011.12,강남구,92.7,91.1,123
2011.12,송파구,96.5,93,124
2011.12,강동구,97,91.3,125
2012.01,서울시,95.5,92.8,100
2012.01,종로구,94.9,92.9,101
2012.01,중구,96.6,98.3,102
2012.01,용산구,98.7,102.6,103
2012.01,성동구,95.1,91.7,104
2012.01,광진구,96.1,94.2,105
2012.01,동대문구,95.2,91.5,106
2012.01,중랑구,96.7,98,107
2012.01,성북구,96.2,94,108
2012.01,강북구,99.8,97.4,109
2012.01,도봉구,100.8,99,110
2012.01,노원구,92.7,91.2,111
2012.01,은평구,95.5,92.6,112
2012.01,서대문구,98.2,91.4,113
2012.01,마포구,91.4,89.6,114
2012.01,양천구,97.3,94.1,115
2012.01,강서구,96.6,91.7,116
2012.01,구로구,94.1,90.8,117
2012.01,금천구,97.1,90.6,118
2012.01,영등포구,94.6,92.9,119
2012.01,동작구,93.4,91.7,120
2012.01,관악구,95.8,91.5,121
2012.01,서초구,92.8,92,122
2012.01,강남구,91.9,90.1,123
2012.01,송파구,96.3,92.9,124
2012.01,강동구,96.7,91.3,125
2012.02,서울시,95.4,92.5,100
2012.02,종로구,94.9,92.9,101
2012.02,중구,96.5,98.3,102
2012.02,용산구,98.7,102.5,103
2012.02,성동구,95,91.6,104
2012.02,광진구,96.1,94.2,105
2012.02,동대문구,95.1,91.4,106
2012.02,중랑구,96.8,98.2,107
2012.02,성북구,96.1,93.7,108
2012.02,강북구,99.8,97.3,109
2012.02,도봉구,100.8,98.9,110
2012.02,노원구,92.6,91.1,111
2012.02,은평구,95.4,92.2,112
2012.02,서대문구,98,91,113
2012.02,마포구,91.3,89.4,114
2012.02,양천구,97.3,94,115
2012.02,강서구,96.6,91.7,116
2012.02,구로구,94.1,90.6,117
2012.02,금천구,97.2,90.9,118
2012.02,영등포구,94.6,92.8,119
2012.02,동작구,93.2,91.5,120
2012.02,관악구,95.9,91.5,121
2012.02,서초구,92.2,91.1,122
2012.02,강남구,91.8,89.9,123
2012.02,송파구,95.5,91.7,124
2012.02,강동구,96.5,91.1,125
2012.03,서울시,95.1,92.1,100
2012.03,종로구,94.9,92.9,101
2012.03,중구,95.6,97.5,102
2012.03,용산구,98.5,102.1,103
2012.03,성동구,94.6,91.1,104
2012.03,광진구,96.1,94,105
2012.03,동대문구,95.1,91.3,106
2012.03,중랑구,96.9,98.5,107
2012.03,성북구,95.6,93.7,108
2012.03,강북구,99.3,97,109
2012.03,도봉구,100.8,98.8,110
2012.03,노원구,92.2,90.6,111
2012.03,은평구,94.7,92,112
2012.03,서대문구,97.8,90.7,113
2012.03,마포구,91.2,89.2,114
2012.03,양천구,97.2,93.9,115
2012.03,강서구,96.3,91.3,116
2012.03,구로구,94,90.4,117
2012.03,금천구,97.1,90.6,118
2012.03,영등포구,94.2,92.5,119
2012.03,동작구,93.1,91.3,120
2012.03,관악구,95.4,90.3,121
2012.03,서초구,92.2,91.1,122
2012.03,강남구,91.3,89.3,123
2012.03,송파구,94.8,90.8,124
2012.03,강동구,95.8,90.3,125
2012.04,서울시,94.6,91.6,100
2012.04,종로구,94.8,92.9,101
2012.04,중구,95.5,97.4,102
2012.04,용산구,98.4,101.9,103
2012.04,성동구,94.1,90.9,104
2012.04,광진구,95.9,93.7,105
2012.04,동대문구,94.7,90.8,106
2012.04,중랑구,96.2,97.5,107
2012.04,성북구,95.4,93.7,108
2012.04,강북구,98.5,95.9,109
2012.04,도봉구,100.7,98.7,110
2012.04,노원구,91.3,89.8,111
2012.04,은평구,94.7,91.9,112
2012.04,서대문구,97.8,90.7,113
2012.04,마포구,91.2,89,114
2012.04,양천구,96.5,92.9,115
2012.04,강서구,95.8,90.4,116
2012.04,구로구,93.7,90.2,117
2012.04,금천구,96.7,90.5,118
2012.04,영등포구,93.9,92.2,119
2012.04,동작구,92.6,90.2,120
2012.04,관악구,95.3,89.7,121
2012.04,서초구,91.7,90.4,122
2012.04,강남구,90.4,88.1,123
2012.04,송파구,94.9,90.5,124
2012.04,강동구,93.4,90,125
2012.05,서울시,94.2,91.1,100
2012.05,종로구,94.8,92.9,101
2012.05,중구,95.3,96.9,102
2012.05,용산구,98.4,101.8,103
2012.05,성동구,93.9,90.7,104
2012.05,광진구,95.7,93.3,105
2012.05,동대문구,94.3,90.2,106
2012.05,중랑구,95.8,96.7,107
2012.05,성북구,95.3,93.6,108
2012.05,강북구,98.4,95.8,109
2012.05,도봉구,100.3,98.1,110
2012.05,노원구,90.4,89,111
2012.05,은평구,94.5,91.3,112
2012.05,서대문구,97.5,90.4,113
2012.05,마포구,91.1,88.9,114
2012.05,양천구,96.2,92.6,115
2012.05,강서구,94.7,88.8,116
2012.05,구로구,93.3,89.8,117
2012.05,금천구,96,90.1,118
2012.05,영등포구,93.7,92.1,119
2012.05,동작구,92.4,89.8,120
2012.05,관악구,94.7,89.1,121
2012.05,서초구,91.4,90,122
2012.05,강남구,89.9,87.6,123
2012.05,송파구,94.6,90,124
2012.05,강동구,93.2,89.7,125
2012.06,서울시,93.8,90.4,100
2012.06,종로구,94.8,92.9,101
2012.06,중구,94.5,95.2,102
2012.06,용산구,98.3,101.7,103
2012.06,성동구,93.7,90.2,104
2012.06,광진구,95.5,92.8,105
2012.06,동대문구,94.1,89.9,106
2012.06,중랑구,95.4,95.8,107
2012.06,성북구,95.2,93.4,108
2012.06,강북구,98.6,95.6,109
2012.06,도봉구,99.8,97.4,110
2012.06,노원구,89.5,88.2,111
2012.06,은평구,94.4,91,112
2012.06,서대문구,97.4,90.2,113
2012.06,마포구,91,88.6,114
2012.06,양천구,95.5,91.8,115
2012.06,강서구,94.2,87.9,116
2012.06,구로구,92.9,89.3,117
2012.06,금천구,95.7,89.9,118
2012.06,영등포구,93.3,91.4,119
2012.06,동작구,92.2,89.5,120
2012.06,관악구,94.1,88.5,121
2012.06,서초구,90.9,89.4,122
2012.06,강남구,89,86.5,123
2012.06,송파구,93.6,88.3,124
2012.06,강동구,92.4,88.8,125
2012.07,서울시,93.3,89.8,100
2012.07,종로구,94.7,92.9,101
2012.07,중구,94.2,94.5,102
2012.07,용산구,98.2,101.4,103
2012.07,성동구,93.6,89.8,104
2012.07,광진구,95.3,92.6,105
2012.07,동대문구,94,90,106
2012.07,중랑구,95.1,95.4,107
2012.07,성북구,95,93.1,108
2012.07,강북구,98.6,95.4,109
2012.07,도봉구,99.2,96.7,110
2012.07,노원구,88.7,87.4,111
2012.07,은평구,94.4,90.9,112
2012.07,서대문구,97.3,89.8,113
2012.07,마포구,90.9,88.5,114
2012.07,양천구,95,91,115
2012.07,강서구,93.6,87.1,116
2012.07,구로구,92.6,89,117
2012.07,금천구,95.4,89.5,118
2012.07,영등포구,92.8,90.7,119
2012.07,동작구,92.1,89.3,120
2012.07,관악구,93.6,88.5,121
2012.07,서초구,90.4,88.7,122
2012.07,강남구,88.7,86,123
2012.07,송파구,92.6,86.7,124
2012.07,강동구,91.1,87.6,125
2012.08,서울시,92.8,89,100
2012.08,종로구,94.6,93,101
2012.08,중구,93.8,93.7,102
2012.08,용산구,97.8,100.8,103
2012.08,성동구,93,89,104
2012.08,광진구,95.2,92.3,105
2012.08,동대문구,93.8,89.7,106
2012.08,중랑구,95,95.2,107
2012.08,성북구,94.7,92.9,108
2012.08,강북구,98.4,95.3,109
2012.08,도봉구,98.6,95.8,110
2012.08,노원구,88.3,87,111
2012.08,은평구,94.3,90.7,112
2012.08,서대문구,96.9,89.6,113
2012.08,마포구,90.8,88.2,114
2012.08,양천구,93.6,89.6,115
2012.08,강서구,93.1,86.5,116
2012.08,구로구,92.3,88.4,117
2012.08,금천구,94.4,88.4,118
2012.08,영등포구,92.2,90,119
2012.08,동작구,91.2,87.7,120
2012.08,관악구,93.4,87.6,121
2012.08,서초구,90,88.2,122
2012.08,강남구,87.5,84.6,123
2012.08,송파구,91.8,85.7,124
2012.08,강동구,89.4,85.3,125
2012.09,서울시,92.3,88.4,100
2012.09,종로구,94.5,92.9,101
2012.09,중구,93,92.5,102
2012.09,용산구,97.5,100.1,103
2012.09,성동구,92.4,88.4,104
2012.09,광진구,95,92,105
2012.09,동대문구,93.5,89.4,106
2012.09,중랑구,94.9,95.1,107
2012.09,성북구,94.7,92.7,108
2012.09,강북구,98.1,95,109
2012.09,도봉구,98.2,95.3,110
2012.09,노원구,88,86.6,111
2012.09,은평구,94.3,90.6,112
2012.09,서대문구,95.5,89.1,113
2012.09,마포구,90.6,87.9,114
2012.09,양천구,93.2,89.1,115
2012.09,강서구,92.8,86.2,116
2012.09,구로구,92,88.1,117
2012.09,금천구,94.2,87.9,118
2012.09,영등포구,91.7,89.3,119
2012.09,동작구,90.6,86.1,120
2012.09,관악구,93.1,87.5,121
2012.09,서초구,89.8,88,122
2012.09,강남구,86.3,83.2,123
2012.09,송파구,91.2,85.1,124
2012.09,강동구,87.9,83.5,125
2012.1,서울시,91.9,87.8,100
2012.1,종로구,94.4,92.7,101
2012.1,중구,92.8,92,102
2012.1,용산구,96.9,99.2,103
2012.1,성동구,91.9,87.6,104
2012.1,광진구,94.9,91.4,105
2012.1,동대문구,93.1,88.8,106
2012.1,중랑구,94.9,94.9,107
2012.1,성북구,94.6,92.5,108
2012.1,강북구,98.3,94.6,109
2012.1,도봉구,96.8,93.7,110
2012.1,노원구,87.9,86.5,111
2012.1,은평구,94.3,90.5,112
2012.1,서대문구,94.2,88.4,113
2012.1,마포구,90.6,87.8,114
2012.1,양천구,93,88.8,115
2012.1,강서구,92.3,85.7,116
2012.1,구로구,91.7,87.9,117
2012.1,금천구,94.1,88,118
2012.1,영등포구,91.3,88.7,119
2012.1,동작구,90,85,120
2012.1,관악구,92.8,86.9,121
2012.1,서초구,89.7,87.8,122
2012.1,강남구,85.2,81.8,123
2012.1,송파구,90.8,84.6,124
2012.1,강동구,87.4,82.9,125
2012.11,서울시,91.6,87.4,100
2012.11,종로구,94.4,92.6,101
2012.11,중구,92.6,91.6,102
2012.11,용산구,96.4,98.3,103
2012.11,성동구,91.2,86.6,104
2012.11,광진구,94.2,90.5,105
2012.11,동대문구,92.6,88.1,106
2012.11,중랑구,94.5,94,107
2012.11,성북구,94.5,92.4,108
2012.11,강북구,98.2,93.5,109
2012.11,도봉구,95.6,92.2,110
2012.11,노원구,87.6,86.2,111
2012.11,은평구,94.3,90.4,112
2012.11,서대문구,93.9,88.5,113
2012.11,마포구,90.5,87.8,114
2012.11,양천구,92.8,88.6,115
2012.11,강서구,91.8,85,116
2012.11,구로구,91.4,87.6,117
2012.11,금천구,94.1,88,118
2012.11,영등포구,90.6,87.8,119
2012.11,동작구,89.7,84.3,120
2012.11,관악구,92.1,85.9,121
2012.11,서초구,89.6,87.7,122
2012.11,강남구,85,81.5,123
2012.11,송파구,90.6,84.4,124
2012.11,강동구,87.3,82.8,125
2012.12,서울시,91.1,86.8,100
2012.12,종로구,94.3,92.6,101
2012.12,중구,92.3,91,102
2012.12,용산구,96.3,97.9,103
2012.12,성동구,90.6,85.6,104
2012.12,광진구,93.6,90,105
2012.12,동대문구,92.1,87.4,106
2012.12,중랑구,94.2,93.3,107
2012.12,성북구,94.4,92.4,108
2012.12,강북구,97.3,92.2,109
2012.12,도봉구,94.8,91.3,110
2012.12,노원구,87.2,85.8,111
2012.12,은평구,94.2,90.2,112
2012.12,서대문구,93.9,88.5,113
2012.12,마포구,90.4,87.7,114
2012.12,양천구,92.2,87.9,115
2012.12,강서구,91.2,84.5,116
2012.12,구로구,91.1,87.2,117
2012.12,금천구,94,87.9,118
2012.12,영등포구,90.3,87.4,119
2012.12,동작구,89,83.7,120
2012.12,관악구,91.9,85.4,121
2012.12,서초구,89.1,87.1,122
2012.12,강남구,83.8,80.1,123
2012.12,송파구,90,83.9,124
2012.12,강동구,87,82.7,125
2013.01,서울시,90.7,86.3,100
2013.01,종로구,94.3,92.6,101
2013.01,중구,92.1,90.8,102
2013.01,용산구,96.2,97.6,103
2013.01,성동구,90.2,85.2,104
2013.01,광진구,92.9,89.2,105
2013.01,동대문구,91.5,86.7,106
2013.01,중랑구,93.5,92.9,107
2013.01,성북구,94.4,92.3,108
2013.01,강북구,97,91.6,109
2013.01,도봉구,93.9,90.5,110
2013.01,노원구,86.8,85.3,111
2013.01,은평구,94.1,90.1,112
2013.01,서대문구,93.7,88.4,113
2013.01,마포구,90.3,87.5,114
2013.01,양천구,91.3,87.1,115
2013.01,강서구,90.5,83.8,116
2013.01,구로구,90.4,86.4,117
2013.01,금천구,93.7,87.7,118
2013.01,영등포구,89.6,86.5,119
2013.01,동작구,88.6,83.2,120
2013.01,관악구,91.4,84.9,121
2013.01,서초구,88.6,86.4,122
2013.01,강남구,82.8,79.1,123
2013.01,송파구,89.7,83.8,124
2013.01,강동구,86.7,82.2,125
2013.02,서울시,90.4,86,100
2013.02,종로구,94.3,92.6,101
2013.02,중구,92.2,90.8,102
2013.02,용산구,96,97.3,103
2013.02,성동구,89.7,84.8,104
2013.02,광진구,92.7,88.7,105
2013.02,동대문구,91.1,86.2,106
2013.02,중랑구,93.1,92.2,107
2013.02,성북구,94.2,91.8,108
2013.02,강북구,96.7,91.3,109
2013.02,도봉구,92.7,89.2,110
2013.02,노원구,86.5,85.1,111
2013.02,은평구,94,89.8,112
2013.02,서대문구,93.6,88.3,113
2013.02,마포구,90.3,87.5,114
2013.02,양천구,91.1,86.8,115
2013.02,강서구,90.2,83.2,116
2013.02,구로구,90.1,86.2,117
2013.02,금천구,93.4,87.4,118
2013.02,영등포구,89.3,86.1,119
2013.02,동작구,88.2,82.9,120
2013.02,관악구,91.1,84.6,121
2013.02,서초구,88.4,86.2,122
2013.02,강남구,82.5,78.7,123
2013.02,송파구,89.6,83.7,124
2013.02,강동구,86.5,82.1,125
2013.03,서울시,90.3,85.8,100
2013.03,종로구,94.2,92.5,101
2013.03,중구,91.9,90.4,102
2013.03,용산구,95.8,97,103
2013.03,성동구,89.2,84.3,104
2013.03,광진구,92.9,88.2,105
2013.03,동대문구,90.9,86,106
2013.03,중랑구,93.6,92.1,107
2013.03,성북구,93.8,91.3,108
2013.03,강북구,96.4,91,109
2013.03,도봉구,92.4,88.8,110
2013.03,노원구,86.4,85,111
2013.03,은평구,93.9,89.5,112
2013.03,서대문구,93.4,88,113
2013.03,마포구,90.2,87.2,114
2013.03,양천구,91,86.7,115
2013.03,강서구,89.9,82.9,116
2013.03,구로구,90.1,86,117
2013.03,금천구,93.3,87.2,118
2013.03,영등포구,89.3,86.1,119
2013.03,동작구,88.1,82.8,120
2013.03,관악구,91.1,84.5,121
2013.03,서초구,88.5,86.2,122
2013.03,강남구,82.6,78.8,123
2013.03,송파구,89.8,84.1,124
2013.03,강동구,86.4,82.3,125
2013.04,서울시,90.3,86,100
2013.04,종로구,94.4,92.5,101
2013.04,중구,92,90.5,102
2013.04,용산구,95.2,95.8,103
2013.04,성동구,88.8,83.9,104
2013.04,광진구,93.3,88.1,105
2013.04,동대문구,90.6,85.6,106
2013.04,중랑구,93.6,92,107
2013.04,성북구,93.5,90.7,108
2013.04,강북구,96.1,90.8,109
2013.04,도봉구,92.3,88.9,110
2013.04,노원구,86.5,85.1,111
2013.04,은평구,93.1,88.9,112
2013.04,서대문구,93.3,88.3,113
2013.04,마포구,89.9,87,114
2013.04,양천구,91.3,87.2,115
2013.04,강서구,90.1,83.3,116
2013.04,구로구,90.2,86.2,117
2013.04,금천구,93.4,87.2,118
2013.04,영등포구,89.6,86.6,119
2013.04,동작구,88.6,83.6,120
2013.04,관악구,91.3,85,121
2013.04,서초구,88.5,86.2,122
2013.04,강남구,83.2,79.5,123
2013.04,송파구,90,84.5,124
2013.04,강동구,86.6,82.4,125
2013.05,서울시,90.5,86.2,100
2013.05,종로구,94.3,92.4,101
2013.05,중구,92.2,90.9,102
2013.05,용산구,94.9,95.4,103
2013.05,성동구,89.2,84.6,104
2013.05,광진구,93.7,87.3,105
2013.05,동대문구,90.8,85.8,106
2013.05,중랑구,93.7,92.5,107
2013.05,성북구,93.2,90.3,108
2013.05,강북구,96.2,90.9,109
2013.05,도봉구,92.2,88.8,110
2013.05,노원구,86.6,85.1,111
2013.05,은평구,93.1,88.7,112
2013.05,서대문구,93.3,88.4,113
2013.05,마포구,90,87,114
2013.05,양천구,91.3,87.3,115
2013.05,강서구,90.2,83.5,116
2013.05,구로구,90.3,86.3,117
2013.05,금천구,93.4,87.3,118
2013.05,영등포구,89.8,86.7,119
2013.05,동작구,88.9,84.1,120
2013.05,관악구,91.5,85.4,121
2013.05,서초구,88.6,86.3,122
2013.05,강남구,83.8,80.2,123
2013.05,송파구,90.2,85,124
2013.05,강동구,86.9,82.9,125
2013.06,서울시,90.3,86,100
2013.06,종로구,94.1,92.1,101
2013.06,중구,92.2,91.1,102
2013.06,용산구,94.5,95.2,103
2013.06,성동구,89.4,84.8,104
2013.06,광진구,92.6,86.9,105
2013.06,동대문구,90.8,85.7,106
2013.06,중랑구,93.8,92.4,107
2013.06,성북구,93,89.9,108
2013.06,강북구,96,90.7,109
2013.06,도봉구,91.9,88.6,110
2013.06,노원구,86.6,85.2,111
2013.06,은평구,93,88.3,112
2013.06,서대문구,93,88.3,113
2013.06,마포구,90.1,87.3,114
2013.06,양천구,90.9,86.9,115
2013.06,강서구,90.1,83.4,116
2013.06,구로구,90.2,86.3,117
2013.06,금천구,93.1,86.8,118
2013.06,영등포구,89.5,86.2,119
2013.06,동작구,89,84.5,120
2013.06,관악구,91.5,85.4,121
2013.06,서초구,88.5,86.2,122
2013.06,강남구,83.4,79.8,123
2013.06,송파구,89.4,84.5,124
2013.06,강동구,86.7,82.7,125
2013.07,서울시,89.9,85.5,100
2013.07,종로구,93.9,91.9,101
2013.07,중구,91.7,90.3,102
2013.07,용산구,94.3,94.7,103
2013.07,성동구,89.2,84.7,104
2013.07,광진구,91.3,86.5,105
2013.07,동대문구,90.3,85.2,106
2013.07,중랑구,93.5,92.1,107
2013.07,성북구,92.8,89.5,108
2013.07,강북구,95.8,90.3,109
2013.07,도봉구,91.4,88,110
2013.07,노원구,86.3,84.9,111
2013.07,은평구,93,88.1,112
2013.07,서대문구,92.8,88.2,113
2013.07,마포구,90.1,87.2,114
2013.07,양천구,90.1,86.2,115
2013.07,강서구,89.8,83,116
2013.07,구로구,90,86.1,117
2013.07,금천구,92.8,86.2,118
2013.07,영등포구,88.8,85.4,119
2013.07,동작구,88.7,84,120
2013.07,관악구,91.3,85.2,121
2013.07,서초구,87.8,85.2,122
2013.07,강남구,82.8,79.2,123
2013.07,송파구,88.8,84,124
2013.07,강동구,86.4,82.2,125
2013.08,서울시,89.5,85.1,100
2013.08,종로구,93.8,91.7,101
2013.08,중구,91.4,89.5,102
2013.08,용산구,94,94.2,103
2013.08,성동구,88.8,84.5,104
2013.08,광진구,90.2,86,105
2013.08,동대문구,90,84.9,106
2013.08,중랑구,93.4,91.9,107
2013.08,성북구,92.6,89.2,108
2013.08,강북구,95.4,90,109
2013.08,도봉구,91,87.6,110
2013.08,노원구,85.5,84.2,111
2013.08,은평구,92.8,88,112
2013.08,서대문구,92.3,87.7,113
2013.08,마포구,89.8,86.7,114
2013.08,양천구,89.6,85.6,115
2013.08,강서구,89.6,82.7,116
2013.08,구로구,89.9,85.9,117
2013.08,금천구,92.2,85.7,118
2013.08,영등포구,88.5,85,119
2013.08,동작구,88.4,83.7,120
2013.08,관악구,91.2,85.1,121
2013.08,서초구,87.3,84.6,122
2013.08,강남구,82.4,78.7,123
2013.08,송파구,88.3,83.7,124
2013.08,강동구,86.1,81.9,125
2013.09,서울시,89.5,85.2,100
2013.09,종로구,93.7,91.7,101
2013.09,중구,91.4,89.5,102
2013.09,용산구,93.8,93.8,103
2013.09,성동구,88.5,84.3,104
2013.09,광진구,89.3,85.9,105
2013.09,동대문구,89.8,84.7,106
2013.09,중랑구,93.8,92.2,107
2013.09,성북구,92.5,89.1,108
2013.09,강북구,95.2,89.8,109
2013.09,도봉구,90.9,87.6,110
2013.09,노원구,85.3,83.9,111
2013.09,은평구,92.8,87.9,112
2013.09,서대문구,92.1,87.6,113
2013.09,마포구,89.8,86.6,114
2013.09,양천구,89.7,85.7,115
2013.09,강서구,89.7,82.9,116
2013.09,구로구,89.9,85.9,117
2013.09,금천구,92.3,86,118
2013.09,영등포구,88.6,85.3,119
2013.09,동작구,88.7,84.2,120
2013.09,관악구,91.3,85.2,121
2013.09,서초구,87.3,84.6,122
2013.09,강남구,82.9,79.1,123
2013.09,송파구,88.4,84.3,124
2013.09,강동구,86.3,82,125
2013.1,서울시,89.8,85.6,100
2013.1,종로구,93.8,91.9,101
2013.1,중구,91.6,89.8,102
2013.1,용산구,93.6,93.5,103
2013.1,성동구,88.8,84.8,104
2013.1,광진구,89.6,86,105
2013.1,동대문구,89.9,85.1,106
2013.1,중랑구,94.2,92.6,107
2013.1,성북구,92.6,89.3,108
2013.1,강북구,95.4,90.2,109
2013.1,도봉구,91.4,88.1,110
2013.1,노원구,85.8,84.5,111
2013.1,은평구,92.9,88.1,112
2013.1,서대문구,92.1,88.1,113
2013.1,마포구,90,86.9,114
2013.1,양천구,89.8,86,115
2013.1,강서구,90,83.5,116
2013.1,구로구,90.1,86.3,117
2013.1,금천구,92.8,86.8,118
2013.1,영등포구,88.7,85.4,119
2013.1,동작구,89.1,84.8,120
2013.1,관악구,91.8,86.2,121
2013.1,서초구,87.5,84.8,122
2013.1,강남구,83.1,79.4,123
2013.1,송파구,89.3,85.5,124
2013.1,강동구,86.7,82.5,125
2013.11,서울시,89.9,85.7,100
2013.11,종로구,93.9,91.9,101
2013.11,중구,91.7,89.7,102
2013.11,용산구,93.5,93.3,103
2013.11,성동구,88.8,85,104
2013.11,광진구,89.8,86.2,105
2013.11,동대문구,89.9,85.3,106
2013.11,중랑구,94.4,92.7,107
2013.11,성북구,92.7,89.4,108
2013.11,강북구,95.3,90.2,109
2013.11,도봉구,91.5,88.2,110
2013.11,노원구,85.7,84.4,111
2013.11,은평구,93,88.6,112
2013.11,서대문구,92.2,88.3,113
2013.11,마포구,90.2,87.1,114
2013.11,양천구,89.8,86,115
2013.11,강서구,90.1,83.8,116
2013.11,구로구,90.3,86.5,117
2013.11,금천구,92.8,87.1,118
2013.11,영등포구,88.7,85.4,119
2013.11,동작구,89.3,85,120
2013.11,관악구,92.1,86.6,121
2013.11,서초구,87.5,84.8,122
2013.11,강남구,83.1,79.3,123
2013.11,송파구,89.3,85.7,124
2013.11,강동구,86.7,82.5,125
2013.12,서울시,89.8,85.7,100
2013.12,종로구,93.9,92,101
2013.12,중구,91.9,90,102
2013.12,용산구,93.4,93.1,103
2013.12,성동구,89,85.1,104
2013.12,광진구,90.1,86.2,105
2013.12,동대문구,89.9,85.4,106
2013.12,중랑구,94.3,92.3,107
2013.12,성북구,92.7,89.6,108
2013.12,강북구,95.3,90.3,109
2013.12,도봉구,91.8,88.6,110
2013.12,노원구,85.8,84.5,111
2013.12,은평구,93,88.6,112
2013.12,서대문구,92.3,88.6,113
2013.12,마포구,90.2,87.1,114
2013.12,양천구,89.5,85.7,115
2013.12,강서구,89.9,83.6,116
2013.12,구로구,89.9,86.2,117
2013.12,금천구,92.4,87,118
2013.12,영등포구,88.4,84.9,119
2013.12,동작구,89.5,84.9,120
2013.12,관악구,92,86.6,121
2013.12,서초구,87.5,84.7,122
2013.12,강남구,83,79.2,123
2013.12,송파구,89.3,86,124
2013.12,강동구,86.6,82.3,125
2014.01,서울시,90,86,100
2014.01,종로구,93.9,92,101
2014.01,중구,91.9,90.1,102
2014.01,용산구,93.2,92.7,103
2014.01,성동구,89.3,85.7,104
2014.01,광진구,90.7,86.4,105
2014.01,동대문구,90.3,86,106
2014.01,중랑구,94.4,92.4,107
2014.01,성북구,92.8,89.8,108
2014.01,강북구,95.4,90.4,109
2014.01,도봉구,92.2,89,110
2014.01,노원구,86.1,84.9,111
2014.01,은평구,92.9,88.7,112
2014.01,서대문구,92.5,89.1,113
2014.01,마포구,90.4,87.5,114
2014.01,양천구,89.7,85.8,115
2014.01,강서구,90,84,116
2014.01,구로구,89.9,86.3,117
2014.01,금천구,92.7,87.6,118
2014.01,영등포구,88.5,85.1,119
2014.01,동작구,89.7,85.3,120
2014.01,관악구,92.2,86.8,121
2014.01,서초구,87.7,85,122
2014.01,강남구,83.3,79.5,123
2014.01,송파구,89.9,86.1,124
2014.01,강동구,86.6,82.3,125
2014.02,서울시,90.3,86.3,100
2014.02,종로구,94,92.1,101
2014.02,중구,92,90.1,102
2014.02,용산구,93,92.3,103
2014.02,성동구,89.7,86.3,104
2014.02,광진구,91.4,86.7,105
2014.02,동대문구,90.6,86.5,106
2014.02,중랑구,94.4,92.5,107
2014.02,성북구,92.8,89.8,108
2014.02,강북구,95.5,90.4,109
2014.02,도봉구,92.3,89.2,110
2014.02,노원구,86.6,85.4,111
2014.02,은평구,93,88.7,112
2014.02,서대문구,92.5,89.4,113
2014.02,마포구,90.7,87.8,114
2014.02,양천구,89.8,86,115
2014.02,강서구,90.2,84.4,116
2014.02,구로구,90.1,86.6,117
2014.02,금천구,92.9,88.1,118
2014.02,영등포구,88.7,85.4,119
2014.02,동작구,90,85.6,120
2014.02,관악구,92.4,87.1,121
2014.02,서초구,87.9,85.2,122
2014.02,강남구,83.8,80.1,123
2014.02,송파구,90,86.4,124
2014.02,강동구,86.8,82.5,125
2014.03,서울시,90.5,86.6,100
2014.03,종로구,94,92.1,101
2014.03,중구,92.2,90.3,102
2014.03,용산구,92.9,92.1,103
2014.03,성동구,89.9,86.8,104
2014.03,광진구,91.5,87,105
2014.03,동대문구,90.7,86.8,106
2014.03,중랑구,94.6,92.7,107
2014.03,성북구,93,90.1,108
2014.03,강북구,95.5,90.6,109
2014.03,도봉구,92.7,89.6,110
2014.03,노원구,87.1,85.9,111
2014.03,은평구,93.2,89,112
2014.03,서대문구,92.6,89.6,113
2014.03,마포구,90.8,88.1,114
2014.03,양천구,89.8,86.1,115
2014.03,강서구,90.3,84.6,116
2014.03,구로구,90.1,86.7,117
2014.03,금천구,92.9,88.4,118
2014.03,영등포구,89.1,86,119
2014.03,동작구,90.4,86.1,120
2014.03,관악구,92.6,87.3,121
2014.03,서초구,88.1,85.5,122
2014.03,강남구,84.3,80.7,123
2014.03,송파구,90.1,86.8,124
2014.03,강동구,86.9,82.7,125
2014.04,서울시,90.4,86.6,100
2014.04,종로구,94,92.1,101
2014.04,중구,92.1,90.2,102
2014.04,용산구,92.9,92,103
2014.04,성동구,90.1,87,104
2014.04,광진구,91.5,86.9,105
2014.04,동대문구,90.7,86.9,106
2014.04,중랑구,94.7,93,107
2014.04,성북구,93.1,90.3,108
2014.04,강북구,95.5,90.7,109
2014.04,도봉구,92.7,89.7,110
2014.04,노원구,87.4,86.2,111
2014.04,은평구,93.2,89,112
2014.04,서대문구,92.7,89.9,113
2014.04,마포구,90.9,88.3,114
2014.04,양천구,89.6,85.8,115
2014.04,강서구,89.8,84.1,116
2014.04,구로구,90,86.7,117
2014.04,금천구,92.8,88.2,118
2014.04,영등포구,89.2,86.2,119
2014.04,동작구,90.5,86.2,120
2014.04,관악구,92.5,87.2,121
2014.04,서초구,88.2,85.5,122
2014.04,강남구,84.2,80.6,123
2014.04,송파구,90.1,86.9,124
2014.04,강동구,86.9,82.7,125
2014.05,서울시,90.4,86.6,100
2014.05,종로구,94,92,101
2014.05,중구,92.2,90.3,102
2014.05,용산구,92.8,91.8,103
2014.05,성동구,90,87,104
2014.05,광진구,91.4,86.9,105
2014.05,동대문구,90.7,86.9,106
2014.05,중랑구,94.6,92.8,107
2014.05,성북구,93,90.2,108
2014.05,강북구,95.4,90.6,109
2014.05,도봉구,92.7,89.5,110
2014.05,노원구,87.4,86.2,111
2014.05,은평구,93.2,89.1,112
2014.05,서대문구,92.7,89.9,113
2014.05,마포구,91,88.4,114
2014.05,양천구,89.6,85.8,115
2014.05,강서구,89.7,83.9,116
2014.05,구로구,89.6,86.2,117
2014.05,금천구,92.8,88.2,118
2014.05,영등포구,89.2,86.3,119
2014.05,동작구,90.5,86.3,120
2014.05,관악구,92.3,87,121
2014.05,서초구,88.1,85.5,122
2014.05,강남구,84.1,80.6,123
2014.05,송파구,89.9,86.8,124
2014.05,강동구,86.7,82.5,125
2014.06,서울시,90.3,86.5,100
2014.06,종로구,94,92,101
2014.06,중구,92.2,90.2,102
2014.06,용산구,92.8,91.7,103
2014.06,성동구,90,87,104
2014.06,광진구,91.3,86.9,105
2014.06,동대문구,90.6,86.7,106
2014.06,중랑구,94.6,92.6,107
2014.06,성북구,93,90.1,108
2014.06,강북구,95.4,90.5,109
2014.06,도봉구,92.7,89.4,110
2014.06,노원구,87.3,86.2,111
2014.06,은평구,93.2,89.3,112
2014.06,서대문구,92.7,89.9,113
2014.06,마포구,91,88.4,114
2014.06,양천구,89.4,85.6,115
2014.06,강서구,89.5,83.8,116
2014.06,구로구,89.3,86,117
2014.06,금천구,92.5,88.1,118
2014.06,영등포구,89.1,86.2,119
2014.06,동작구,90.6,86.4,120
2014.06,관악구,92.2,86.9,121
2014.06,서초구,88.1,85.5,122
2014.06,강남구,84.1,80.6,123
2014.06,송파구,89.9,86.7,124
2014.06,강동구,86.7,82.4,125
2014.07,서울시,90.3,86.5,100
2014.07,종로구,94,91.9,101
2014.07,중구,92.3,90.3,102
2014.07,용산구,92.7,91.6,103
2014.07,성동구,89.9,86.9,104
2014.07,광진구,91.2,86.8,105
2014.07,동대문구,90.6,86.6,106
2014.07,중랑구,94.6,92.5,107
2014.07,성북구,92.9,90,108
2014.07,강북구,95.3,90.5,109
2014.07,도봉구,92.6,89.6,110
2014.07,노원구,87.2,86.1,111
2014.07,은평구,93.2,89.2,112
2014.07,서대문구,92.7,89.9,113
2014.07,마포구,91,88.4,114
2014.07,양천구,89.2,85.4,115
2014.07,강서구,89.5,83.7,116
2014.07,구로구,89.2,85.8,117
2014.07,금천구,92.5,88,118
2014.07,영등포구,89,86.1,119
2014.07,동작구,90.6,86.5,120
2014.07,관악구,92.1,86.9,121
2014.07,서초구,88.2,85.6,122
2014.07,강남구,84.2,80.7,123
2014.07,송파구,89.9,86.8,124
2014.07,강동구,86.7,82.6,125
2014.08,서울시,90.3,86.6,100
2014.08,종로구,94,92,101
2014.08,중구,92.4,90.3,102
2014.08,용산구,92.7,91.5,103
2014.08,성동구,89.8,86.9,104
2014.08,광진구,91.1,86.7,105
2014.08,동대문구,90.5,86.6,106
2014.08,중랑구,94.5,92.4,107
2014.08,성북구,93,90.1,108
2014.08,강북구,95.2,90.5,109
2014.08,도봉구,92.6,89.6,110
2014.08,노원구,87.2,86.1,111
2014.08,은평구,93.3,89.3,112
2014.08,서대문구,92.7,89.9,113
2014.08,마포구,91,88.5,114
2014.08,양천구,89.2,85.5,115
2014.08,강서구,89.2,83.5,116
2014.08,구로구,89,85.8,117
2014.08,금천구,92.5,88.1,118
2014.08,영등포구,89.1,86.3,119
2014.08,동작구,90.7,86.7,120
2014.08,관악구,92.2,86.9,121
2014.08,서초구,88.3,85.7,122
2014.08,강남구,84.5,81.1,123
2014.08,송파구,89.9,86.8,124
2014.08,강동구,87.1,83.1,125
2014.09,서울시,90.5,86.9,100
2014.09,종로구,94.1,92.2,101
2014.09,중구,92.5,90.4,102
2014.09,용산구,92.7,91.5,103
2014.09,성동구,89.9,87,104
2014.09,광진구,91.2,86.9,105
2014.09,동대문구,90.7,86.8,106
2014.09,중랑구,94.6,92.5,107
2014.09,성북구,93.2,90.2,108
2014.09,강북구,95.3,90.7,109
2014.09,도봉구,92.7,89.7,110
2014.09,노원구,87.4,86.4,111
2014.09,은평구,93.5,89.6,112
2014.09,서대문구,92.8,90.2,113
2014.09,마포구,91.2,88.8,114
2014.09,양천구,89.7,86.2,115
2014.09,강서구,89.2,83.8,116
2014.09,구로구,89.3,86.1,117
2014.09,금천구,92.7,88.3,118
2014.09,영등포구,89.3,86.5,119
2014.09,동작구,90.9,86.9,120
2014.09,관악구,92.2,87.1,121
2014.09,서초구,88.6,86.1,122
2014.09,강남구,85.1,81.8,123
2014.09,송파구,90.2,87.2,124
2014.09,강동구,87.8,84,125
2014.1,서울시,90.8,87.3,100
2014.1,종로구,94.1,92.2,101
2014.1,중구,92.7,90.7,102
2014.1,용산구,92.8,91.8,103
2014.1,성동구,89.9,87.2,104
2014.1,광진구,91.3,87.2,105
2014.1,동대문구,90.8,87,106
2014.1,중랑구,94.7,92.5,107
2014.1,성북구,93.3,90.4,108
2014.1,강북구,95.3,91.1,109
2014.1,도봉구,92.9,90,110
2014.1,노원구,87.8,86.9,111
2014.1,은평구,93.7,89.7,112
2014.1,서대문구,92.9,90.3,113
2014.1,마포구,91.5,89.5,114
2014.1,양천구,90.4,87.2,115
2014.1,강서구,89.3,84.1,116
2014.1,구로구,89.6,86.6,117
2014.1,금천구,92.7,88.4,118
2014.1,영등포구,89.4,86.7,119
2014.1,동작구,91.2,87.3,120
2014.1,관악구,92.3,87.2,121
2014.1,서초구,88.9,86.4,122
2014.1,강남구,85.3,82.1,123
2014.1,송파구,90.4,87.6,124
2014.1,강동구,88.5,84.8,125
2014.11,서울시,90.9,87.4,100
2014.11,종로구,94.1,92.2,101
2014.11,중구,92.9,91,102
2014.11,용산구,92.9,91.8,103
2014.11,성동구,90,87.2,104
2014.11,광진구,91.5,87.5,105
2014.11,동대문구,90.8,87.1,106
2014.11,중랑구,94.8,92.6,107
2014.11,성북구,93.3,90.5,108
2014.11,강북구,95.3,91.2,109
2014.11,도봉구,92.9,90.1,110
2014.11,노원구,88,87.1,111
2014.11,은평구,93.8,89.9,112
2014.11,서대문구,93.1,90.3,113
2014.11,마포구,91.7,89.9,114
2014.11,양천구,90.4,87.4,115
2014.11,강서구,89.3,84.2,116
2014.11,구로구,89.8,86.8,117
2014.11,금천구,92.8,88.5,118
2014.11,영등포구,89.6,87,119
2014.11,동작구,91.2,87.4,120
2014.11,관악구,92.3,87.3,121
2014.11,서초구,89,86.6,122
2014.11,강남구,85.3,82.1,123
2014.11,송파구,90.4,87.6,124
2014.11,강동구,88.6,85,125
2014.12,서울시,90.9,87.4,100
2014.12,종로구,94.1,92.2,101
2014.12,중구,93,91.2,102
2014.12,용산구,92.9,91.8,103
2014.12,성동구,90,87.3,104
2014.12,광진구,91.5,87.6,105
2014.12,동대문구,90.8,87.2,106
2014.12,중랑구,94.9,92.7,107
2014.12,성북구,93.4,90.6,108
2014.12,강북구,95.3,91.3,109
2014.12,도봉구,92.9,90.3,110
2014.12,노원구,88.1,87.2,111
2014.12,은평구,93.8,90,112
2014.12,서대문구,93.1,90.4,113
2014.12,마포구,91.8,90,114
2014.12,양천구,90.4,87.4,115
2014.12,강서구,89.3,84.2,116
2014.12,구로구,89.9,86.9,117
2014.12,금천구,92.8,88.5,118
2014.12,영등포구,89.7,87,119
2014.12,동작구,91.3,87.4,120
2014.12,관악구,92.3,87.3,121
2014.12,서초구,89,86.6,122
2014.12,강남구,85.2,82,123
2014.12,송파구,90.4,87.5,124
2014.12,강동구,88.3,84.5,125
2015.01,서울시,90.9,87.5,100
2015.01,종로구,94.2,92.2,101
2015.01,중구,93.1,91.3,102
2015.01,용산구,92.9,91.7,103
2015.01,성동구,90,87.4,104
2015.01,광진구,91.6,87.8,105
2015.01,동대문구,90.9,87.2,106
2015.01,중랑구,94.9,92.7,107
2015.01,성북구,93.4,90.6,108
2015.01,강북구,95.3,91.3,109
2015.01,도봉구,93,90.5,110
2015.01,노원구,88.1,87.2,111
2015.01,은평구,93.8,90.5,112
2015.01,서대문구,93.1,90.4,113
2015.01,마포구,91.8,90.1,114
2015.01,양천구,90.4,87.5,115
2015.01,강서구,89.4,84.3,116
2015.01,구로구,90.1,87.1,117
2015.01,금천구,93,88.5,118
2015.01,영등포구,89.8,87.1,119
2015.01,동작구,91.3,87.5,120
2015.01,관악구,92.3,87.5,121
2015.01,서초구,89,86.6,122
2015.01,강남구,85.5,82.3,123
2015.01,송파구,90.5,87.7,124
2015.01,강동구,88.4,84.6,125
2015.02,서울시,91.1,87.8,100
2015.02,종로구,94.2,92.3,101
2015.02,중구,93.3,91.7,102
2015.02,용산구,92.9,91.9,103
2015.02,성동구,90.3,87.8,104
2015.02,광진구,91.8,88.1,105
2015.02,동대문구,91.1,87.5,106
2015.02,중랑구,95,92.8,107
2015.02,성북구,93.5,90.7,108
2015.02,강북구,95.4,91.5,109
2015.02,도봉구,93.1,90.6,110
2015.02,노원구,88.5,87.5,111
2015.02,은평구,94,90.6,112
2015.02,서대문구,93.2,90.6,113
2015.02,마포구,91.8,90.1,114
2015.02,양천구,90.6,87.8,115
2015.02,강서구,89.5,84.6,116
2015.02,구로구,90.3,87.2,117
2015.02,금천구,93,88.7,118
2015.02,영등포구,89.9,87.3,119
2015.02,동작구,91.4,87.7,120
2015.02,관악구,92.4,87.5,121
2015.02,서초구,89.3,87,122
2015.02,강남구,86,82.9,123
2015.02,송파구,90.7,87.9,124
2015.02,강동구,88.9,85.2,125
2015.03,서울시,91.4,88.3,100
2015.03,종로구,94.3,92.5,101
2015.03,중구,93.6,92.1,102
2015.03,용산구,93,92,103
2015.03,성동구,90.7,88.3,104
2015.03,광진구,92.3,88.4,105
2015.03,동대문구,91.5,88.1,106
2015.03,중랑구,95.1,93,107
2015.03,성북구,93.6,90.9,108
2015.03,강북구,95.5,91.9,109
2015.03,도봉구,93.2,90.8,110
2015.03,노원구,89.1,88.2,111
2015.03,은평구,94.1,90.9,112
2015.03,서대문구,93.4,90.9,113
2015.03,마포구,92,90.3,114
2015.03,양천구,91,88.2,115
2015.03,강서구,89.6,84.9,116
2015.03,구로구,90.4,87.5,117
2015.03,금천구,93.2,88.9,118
2015.03,영등포구,90,87.4,119
2015.03,동작구,91.6,87.9,120
2015.03,관악구,92.4,87.7,121
2015.03,서초구,89.9,87.7,122
2015.03,강남구,86.9,84,123
2015.03,송파구,91.1,88.3,124
2015.03,강동구,89.7,86.1,125
2015.04,서울시,91.9,88.9,100
2015.04,종로구,94.5,92.9,101
2015.04,중구,93.9,92.7,102
2015.04,용산구,93.2,92.2,103
2015.04,성동구,91.2,89.2,104
2015.04,광진구,92.8,88.9,105
2015.04,동대문구,91.8,88.6,106
2015.04,중랑구,95.2,93.1,107
2015.04,성북구,93.8,91.2,108
2015.04,강북구,95.5,92.3,109
2015.04,도봉구,93.4,91.1,110
2015.04,노원구,90.2,89.2,111
2015.04,은평구,94.3,91.3,112
2015.04,서대문구,93.7,91.3,113
2015.04,마포구,92.2,90.6,114
2015.04,양천구,91.5,88.9,115
2015.04,강서구,90.2,85.8,116
2015.04,구로구,91.1,88.3,117
2015.04,금천구,93.6,89.4,118
2015.04,영등포구,90.4,88,119
2015.04,동작구,91.9,88.4,120
2015.04,관악구,92.6,88.1,121
2015.04,서초구,90.7,88.6,122
2015.04,강남구,87.5,84.8,123
2015.04,송파구,91.6,88.9,124
2015.04,강동구,90.8,87.7,125
2015.05,서울시,92.3,89.5,100
2015.05,종로구,94.7,93.2,101
2015.05,중구,94.1,92.9,102
2015.05,용산구,93.3,92.4,103
2015.05,성동구,91.5,89.7,104
2015.05,광진구,93.1,89.5,105
2015.05,동대문구,92.2,89,106
2015.05,중랑구,95.3,93.3,107
2015.05,성북구,94.1,91.6,108
2015.05,강북구,95.7,92.6,109
2015.05,도봉구,93.7,91.4,110
2015.05,노원구,90.8,89.8,111
2015.05,은평구,94.5,91.4,112
2015.05,서대문구,93.9,91.4,113
2015.05,마포구,92.4,90.8,114
2015.05,양천구,92,89.7,115
2015.05,강서구,90.7,86.4,116
2015.05,구로구,91.7,89,117
2015.05,금천구,93.8,89.9,118
2015.05,영등포구,90.9,88.6,119
2015.05,동작구,92.2,88.8,120
2015.05,관악구,93.1,88.6,121
2015.05,서초구,91.2,89.2,122
2015.05,강남구,88.1,85.5,123
2015.05,송파구,92.1,89.3,124
2015.05,강동구,91.7,88.8,125
2015.06,서울시,92.8,90.1,100
2015.06,종로구,95.2,93.4,101
2015.06,중구,94.4,93.3,102
2015.06,용산구,93.6,92.5,103
2015.06,성동구,91.9,90.3,104
2015.06,광진구,93.4,89.8,105
2015.06,동대문구,92.7,89.7,106
2015.06,중랑구,95.4,93.6,107
2015.06,성북구,94.5,92,108
2015.06,강북구,95.8,93,109
2015.06,도봉구,94,91.9,110
2015.06,노원구,91.4,90.5,111
2015.06,은평구,94.8,91.7,112
2015.06,서대문구,94.2,91.8,113
2015.06,마포구,92.8,91.1,114
2015.06,양천구,92.6,90.5,115
2015.06,강서구,91.1,87.1,116
2015.06,구로구,92.4,89.9,117
2015.06,금천구,94.2,90.5,118
2015.06,영등포구,91.4,89.3,119
2015.06,동작구,92.5,89.4,120
2015.06,관악구,93.3,89,121
2015.06,서초구,91.8,90,122
2015.06,강남구,88.9,86.4,123
2015.06,송파구,92.5,89.8,124
2015.06,강동구,92.4,89.7,125
2015.07,서울시,93.1,90.6,100
2015.07,종로구,95.4,93.6,101
2015.07,중구,94.5,93.5,102
2015.07,용산구,93.8,92.7,103
2015.07,성동구,92.4,91,104
2015.07,광진구,93.7,90.3,105
2015.07,동대문구,93.2,90.6,106
2015.07,중랑구,95.6,94,107
2015.07,성북구,94.7,92.4,108
2015.07,강북구,96,93.3,109
2015.07,도봉구,94.4,92.4,110
2015.07,노원구,91.9,91,111
2015.07,은평구,95,92,112
2015.07,서대문구,94.4,92.1,113
2015.07,마포구,92.9,91.4,114
2015.07,양천구,92.8,90.7,115
2015.07,강서구,91.4,87.5,116
2015.07,구로구,93,90.6,117
2015.07,금천구,94.4,91,118
2015.07,영등포구,91.8,89.8,119
2015.07,동작구,92.9,89.8,120
2015.07,관악구,93.6,89.5,121
2015.07,서초구,92.2,90.5,122
2015.07,강남구,89.6,87.3,123
2015.07,송파구,92.9,90.1,124
2015.07,강동구,92.7,90,125
2015.08,서울시,93.5,91.1,100
2015.08,종로구,95.5,93.8,101
2015.08,중구,94.6,93.7,102
2015.08,용산구,94.1,92.9,103
2015.08,성동구,93.1,91.9,104
2015.08,광진구,94.1,91.1,105
2015.08,동대문구,93.7,91.3,106
2015.08,중랑구,95.8,94.4,107
2015.08,성북구,94.9,92.8,108
2015.08,강북구,96.2,93.7,109
2015.08,도봉구,94.9,92.9,110
2015.08,노원구,92.5,91.7,111
2015.08,은평구,95.2,92.5,112
2015.08,서대문구,94.6,92.4,113
2015.08,마포구,93.2,91.7,114
2015.08,양천구,93,91.1,115
2015.08,강서구,91.8,88.1,116
2015.08,구로구,93.2,90.9,117
2015.08,금천구,94.6,91.4,118
2015.08,영등포구,92.1,90.1,119
2015.08,동작구,93.1,90.2,120
2015.08,관악구,93.8,89.9,121
2015.08,서초구,92.7,91,122
2015.08,강남구,90.2,88.1,123
2015.08,송파구,93.2,90.5,124
2015.08,강동구,93.1,90.7,125
2015.09,서울시,93.9,91.7,100
2015.09,종로구,95.6,93.9,101
2015.09,중구,94.9,94,102
2015.09,용산구,94.2,93.1,103
2015.09,성동구,93.6,92.6,104
2015.09,광진구,94.6,91.9,105
2015.09,동대문구,94.5,92.5,106
2015.09,중랑구,96.1,94.8,107
2015.09,성북구,95.3,93.4,108
2015.09,강북구,96.6,94.8,109
2015.09,도봉구,95.4,93.7,110
2015.09,노원구,93.2,92.4,111
2015.09,은평구,95.5,92.9,112
2015.09,서대문구,94.9,92.8,113
2015.09,마포구,93.5,92.1,114
2015.09,양천구,93.5,91.7,115
2015.09,강서구,92.1,88.6,116
2015.09,구로구,93.9,91.9,117
2015.09,금천구,95,92.2,118
2015.09,영등포구,92.5,90.6,119
2015.09,동작구,93.4,90.7,120
2015.09,관악구,94,90.4,121
2015.09,서초구,93.3,91.8,122
2015.09,강남구,90.8,88.7,123
2015.09,송파구,93.5,90.9,124
2015.09,강동구,93.6,91.3,125
2015.1,서울시,94.3,92.3,100
2015.1,종로구,95.8,94.1,101
2015.1,중구,95.3,94.5,102
2015.1,용산구,94.4,93.4,103
2015.1,성동구,94.3,93.5,104
2015.1,광진구,95.2,92.7,105
2015.1,동대문구,95.3,93.8,106
2015.1,중랑구,96.6,95.5,107
2015.1,성북구,95.7,94.1,108
2015.1,강북구,97,95.6,109
2015.1,도봉구,95.7,94.2,110
2015.1,노원구,93.8,93.1,111
2015.1,은평구,95.8,93.3,112
2015.1,서대문구,95.2,93.4,113
2015.1,마포구,93.9,92.7,114
2015.1,양천구,93.8,92.2,115
2015.1,강서구,92.6,89.4,116
2015.1,구로구,94.4,92.5,117
2015.1,금천구,95.3,92.6,118
2015.1,영등포구,93,91.3,119
2015.1,동작구,93.6,91,120
2015.1,관악구,94.5,91.1,121
2015.1,서초구,93.8,92.4,122
2015.1,강남구,91.2,89.1,123
2015.1,송파구,94,91.4,124
2015.1,강동구,94.2,92,125
2015.11,서울시,94.8,92.9,100
2015.11,종로구,96.1,94.3,101
2015.11,중구,95.5,94.8,102
2015.11,용산구,94.6,93.7,103
2015.11,성동구,94.8,94.2,104
2015.11,광진구,95.7,93.5,105
2015.11,동대문구,95.8,94.6,106
2015.11,중랑구,97.1,96.5,107
2015.11,성북구,96.1,94.8,108
2015.11,강북구,97.4,96.3,109
2015.11,도봉구,96.3,95,110
2015.11,노원구,94.3,93.6,111
2015.11,은평구,96,93.8,112
2015.11,서대문구,95.5,93.8,113
2015.11,마포구,94.2,93.1,114
2015.11,양천구,94.1,92.5,115
2015.11,강서구,93.3,90.2,116
2015.11,구로구,94.9,93.1,117
2015.11,금천구,95.6,93.2,118
2015.11,영등포구,93.5,92,119
2015.11,동작구,94,91.8,120
2015.11,관악구,94.9,91.8,121
2015.11,서초구,94.2,92.8,122
2015.11,강남구,91.6,89.7,123
2015.11,송파구,94.2,91.8,124
2015.11,강동구,94.6,92.6,125
2015.12,서울시,95,93.3,100
2015.12,종로구,96.1,94.4,101
2015.12,중구,95.7,95.1,102
2015.12,용산구,94.7,93.8,103
2015.12,성동구,95.1,94.6,104
2015.12,광진구,96.2,94,105
2015.12,동대문구,96.3,95.2,106
2015.12,중랑구,97.4,97,107
2015.12,성북구,96.3,95.2,108
2015.12,강북구,97.7,96.7,109
2015.12,도봉구,96.7,95.3,110
2015.12,노원구,94.6,93.9,111
2015.12,은평구,96.1,94,112
2015.12,서대문구,95.6,94,113
2015.12,마포구,94.4,93.3,114
2015.12,양천구,94.4,93,115
2015.12,강서구,93.7,91,116
2015.12,구로구,95.4,93.7,117
2015.12,금천구,95.8,93.7,118
2015.12,영등포구,93.9,92.6,119
2015.12,동작구,94.4,92.5,120
2015.12,관악구,95.2,92.1,121
2015.12,서초구,94.5,93.2,122
2015.12,강남구,91.9,90,123
2015.12,송파구,94.4,92.1,124
2015.12,강동구,94.6,92.6,125
2016.01,서울시,95.1,93.3,100
2016.01,종로구,96.2,94.5,101
2016.01,중구,95.7,95.2,102
2016.01,용산구,94.8,93.8,103
2016.01,성동구,95.1,94.6,104
2016.01,광진구,96.2,94,105
2016.01,동대문구,96.3,95.2,106
2016.01,중랑구,97.5,97.1,107
2016.01,성북구,96.4,95.3,108
2016.01,강북구,97.7,96.7,109
2016.01,도봉구,96.8,95.4,110
2016.01,노원구,94.6,94,111
2016.01,은평구,96.2,94.1,112
2016.01,서대문구,95.7,94.2,113
2016.01,마포구,94.5,93.4,114
2016.01,양천구,94.4,93,115
2016.01,강서구,93.9,91.3,116
2016.01,구로구,95.5,93.8,117
2016.01,금천구,95.9,93.8,118
2016.01,영등포구,94,92.7,119
2016.01,동작구,94.6,92.8,120
2016.01,관악구,95.3,92.2,121
2016.01,서초구,94.7,93.4,122
2016.01,강남구,91.7,89.7,123
2016.01,송파구,94.4,92.1,124
2016.01,강동구,94.4,92.3,125
2016.02,서울시,95.1,93.3,100
2016.02,종로구,96.2,94.5,101
2016.02,중구,95.8,95.3,102
2016.02,용산구,94.8,93.9,103
2016.02,성동구,95.2,94.7,104
2016.02,광진구,96.2,94.1,105
2016.02,동대문구,96.3,95.3,106
2016.02,중랑구,97.5,97.2,107
2016.02,성북구,96.4,95.3,108
2016.02,강북구,97.7,96.7,109
2016.02,도봉구,96.8,95.5,110
2016.02,노원구,94.7,94,111
2016.02,은평구,96.2,94.2,112
2016.02,서대문구,95.8,94.3,113
2016.02,마포구,94.6,93.6,114
2016.02,양천구,94.5,93.1,115
2016.02,강서구,94,91.4,116
2016.02,구로구,95.4,93.6,117
2016.02,금천구,95.9,93.9,118
2016.02,영등포구,94,92.7,119
2016.02,동작구,94.6,92.9,120
2016.02,관악구,95.3,92.3,121
2016.02,서초구,94.7,93.4,122
2016.02,강남구,91.5,89.5,123
2016.02,송파구,94.4,92.1,124
2016.02,강동구,94.3,92.1,125
2016.03,서울시,95.1,93.3,100
2016.03,종로구,96.2,94.5,101
2016.03,중구,95.8,95.3,102
2016.03,용산구,94.8,93.9,103
2016.03,성동구,95.2,94.7,104
2016.03,광진구,96.2,94.1,105
2016.03,동대문구,96.4,95.3,106
2016.03,중랑구,97.6,97.3,107
2016.03,성북구,96.4,95.3,108
2016.03,강북구,97.7,96.7,109
2016.03,도봉구,96.8,95.5,110
2016.03,노원구,94.7,94,111
2016.03,은평구,96.3,94.2,112
2016.03,서대문구,95.8,94.3,113
2016.03,마포구,94.7,93.6,114
2016.03,양천구,94.4,93,115
2016.03,강서구,94,91.5,116
2016.03,구로구,95.4,93.6,117
2016.03,금천구,95.9,94,118
2016.03,영등포구,94,92.7,119
2016.03,동작구,94.6,92.9,120
2016.03,관악구,95.4,92.4,121
2016.03,서초구,94.6,93.3,122
2016.03,강남구,91.5,89.5,123
2016.03,송파구,94.3,92,124
2016.03,강동구,94.2,92,125
2016.04,서울시,95.2,93.4,100
2016.04,종로구,96.2,94.6,101
2016.04,중구,95.9,95.3,102
2016.04,용산구,94.9,94,103
2016.04,성동구,95.3,94.8,104
2016.04,광진구,96.2,94.1,105
2016.04,동대문구,96.4,95.4,106
2016.04,중랑구,97.6,97.3,107
2016.04,성북구,96.4,95.3,108
2016.04,강북구,97.8,96.7,109
2016.04,도봉구,97,95.6,110
2016.04,노원구,94.8,94.1,111
2016.04,은평구,96.4,94.2,112
2016.04,서대문구,95.9,94.4,113
2016.04,마포구,94.7,93.7,114
2016.04,양천구,94.3,92.9,115
2016.04,강서구,94.1,91.6,116
2016.04,구로구,95.5,93.7,117
2016.04,금천구,96,94.1,118
2016.04,영등포구,94.1,92.8,119
2016.04,동작구,94.7,93,120
2016.04,관악구,95.5,92.6,121
2016.04,서초구,94.7,93.4,122
2016.04,강남구,91.7,89.8,123
2016.04,송파구,94.4,92.1,124
2016.04,강동구,94.3,92.1,125
2016.05,서울시,95.3,93.6,100
2016.05,종로구,96.3,94.7,101
2016.05,중구,96,95.4,102
2016.05,용산구,95.1,94.2,103
2016.05,성동구,95.3,94.9,104
2016.05,광진구,96.2,94.2,105
2016.05,동대문구,96.5,95.5,106
2016.05,중랑구,97.7,97.4,107
2016.05,성북구,96.5,95.4,108
2016.05,강북구,97.8,96.8,109
2016.05,도봉구,97,95.7,110
2016.05,노원구,94.8,94.1,111
2016.05,은평구,96.5,94.5,112
2016.05,서대문구,96.1,94.6,113
2016.05,마포구,94.9,93.9,114
2016.05,양천구,94.3,93,115
2016.05,강서구,94.2,91.8,116
2016.05,구로구,95.6,93.8,117
2016.05,금천구,96.1,94.3,118
2016.05,영등포구,94.2,93,119
2016.05,동작구,94.8,93.2,120
2016.05,관악구,95.7,92.9,121
2016.05,서초구,94.9,93.7,122
2016.05,강남구,92.2,90.4,123
2016.05,송파구,94.5,92.2,124
2016.05,강동구,94.5,92.4,125
2016.06,서울시,95.5,93.9,100
2016.06,종로구,96.5,94.9,101
2016.06,중구,96.1,95.6,102
2016.06,용산구,95.2,94.4,103
2016.06,성동구,95.4,95,104
2016.06,광진구,96.3,94.3,105
2016.06,동대문구,96.6,95.6,106
2016.06,중랑구,97.8,97.4,107
2016.06,성북구,96.7,95.7,108
2016.06,강북구,97.9,96.9,109
2016.06,도봉구,97.1,95.9,110
2016.06,노원구,94.9,94.2,111
2016.06,은평구,96.7,94.7,112
2016.06,서대문구,96.3,95,113
2016.06,마포구,95.1,94.2,114
2016.06,양천구,94.6,93.4,115
2016.06,강서구,94.4,92.1,116
2016.06,구로구,95.8,94.1,117
2016.06,금천구,96.2,94.5,118
2016.06,영등포구,94.4,93.2,119
2016.06,동작구,95,93.4,120
2016.06,관악구,95.9,93.3,121
2016.06,서초구,95.5,94.4,122
2016.06,강남구,93,91.4,123
2016.06,송파구,94.6,92.5,124
2016.06,강동구,94.7,92.6,125
2016.07,서울시,95.7,94.3,100
2016.07,종로구,96.6,95.2,101
2016.07,중구,96.2,95.8,102
2016.07,용산구,95.5,94.7,103
2016.07,성동구,95.4,95,104
2016.07,광진구,96.4,94.4,105
2016.07,동대문구,96.7,95.8,106
2016.07,중랑구,97.8,97.5,107
2016.07,성북구,96.8,96,108
2016.07,강북구,98.1,97.1,109
2016.07,도봉구,97.2,96,110
2016.07,노원구,95.1,94.4,111
2016.07,은평구,96.9,95,112
2016.07,서대문구,96.5,95.2,113
2016.07,마포구,95.3,94.6,114
2016.07,양천구,94.9,93.9,115
2016.07,강서구,94.7,92.5,116
2016.07,구로구,96,94.4,117
2016.07,금천구,96.3,94.7,118
2016.07,영등포구,94.7,93.6,119
2016.07,동작구,95.2,93.7,120
2016.07,관악구,96.1,93.7,121
2016.07,서초구,95.8,94.9,122
2016.07,강남구,93.6,92.1,123
2016.07,송파구,94.8,92.7,124
2016.07,강동구,94.9,92.9,125
2016.08,서울시,96,94.6,100
2016.08,종로구,96.8,95.5,101
2016.08,중구,96.3,96.1,102
2016.08,용산구,95.8,95,103
2016.08,성동구,95.7,95.2,104
2016.08,광진구,96.5,94.6,105
2016.08,동대문구,96.9,96.1,106
2016.08,중랑구,97.9,97.6,107
2016.08,성북구,97.1,96.4,108
2016.08,강북구,98.2,97.5,109
2016.08,도봉구,97.4,96.2,110
2016.08,노원구,95.4,94.7,111
2016.08,은평구,97,95.3,112
2016.08,서대문구,96.7,95.7,113
2016.08,마포구,95.6,95,114
2016.08,양천구,95.2,94.4,115
2016.08,강서구,94.9,92.9,116
2016.08,구로구,96.3,94.8,117
2016.08,금천구,96.5,95,118
2016.08,영등포구,94.9,93.8,119
2016.08,동작구,95.5,94.1,120
2016.08,관악구,96.4,94.1,121
2016.08,서초구,96.1,95.3,122
2016.08,강남구,94.1,92.8,123
2016.08,송파구,94.9,92.9,124
2016.08,강동구,95.3,93.5,125
2016.09,서울시,96.2,95,100
2016.09,종로구,97,95.7,101
2016.09,중구,96.5,96.3,102
2016.09,용산구,96,95.3,103
2016.09,성동구,95.8,95.5,104
2016.09,광진구,96.6,94.9,105
2016.09,동대문구,97,96.3,106
2016.09,중랑구,98,97.7,107
2016.09,성북구,97.3,96.8,108
2016.09,강북구,98.4,97.7,109
2016.09,도봉구,97.6,96.4,110
2016.09,노원구,95.7,95,111
2016.09,은평구,97.2,95.6,112
2016.09,서대문구,96.9,96.1,113
2016.09,마포구,95.8,95.2,114
2016.09,양천구,95.6,95,115
2016.09,강서구,95.2,93.4,116
2016.09,구로구,96.6,95.1,117
2016.09,금천구,96.7,95.3,118
2016.09,영등포구,95.2,94.2,119
2016.09,동작구,95.8,94.5,120
2016.09,관악구,96.6,94.4,121
2016.09,서초구,96.4,95.6,122
2016.09,강남구,94.8,93.7,123
2016.09,송파구,95.1,93.1,124
2016.09,강동구,95.6,94.1,125
2016.1,서울시,96.6,95.7,100
2016.1,종로구,97.2,96,101
2016.1,중구,96.7,96.5,102
2016.1,용산구,96.3,95.8,103
2016.1,성동구,96.2,96,104
2016.1,광진구,96.9,95.3,105
2016.1,동대문구,97.4,96.9,106
2016.1,중랑구,98.1,97.9,107
2016.1,성북구,97.6,97.3,108
2016.1,강북구,98.6,97.9,109
2016.1,도봉구,97.7,96.7,110
2016.1,노원구,96.2,95.7,111
2016.1,은평구,97.4,96,112
2016.1,서대문구,97.2,96.5,113
2016.1,마포구,96.1,95.6,114
2016.1,양천구,96.2,95.9,115
2016.1,강서구,95.7,94.1,116
2016.1,구로구,96.9,95.6,117
2016.1,금천구,96.9,95.8,118
2016.1,영등포구,95.5,94.6,119
2016.1,동작구,96.1,95,120
2016.1,관악구,96.8,94.9,121
2016.1,서초구,97,96.5,122
2016.1,강남구,95.9,95.2,123
2016.1,송파구,95.5,93.7,124
2016.1,강동구,96.4,95.3,125
2016.11,서울시,97,96.2,100
2016.11,종로구,97.4,96.4,101
2016.11,중구,96.9,96.7,102
2016.11,용산구,96.5,96.2,103
2016.11,성동구,96.6,96.4,104
2016.11,광진구,97.2,95.8,105
2016.11,동대문구,97.7,97.3,106
2016.11,중랑구,98.4,98.3,107
2016.11,성북구,97.8,97.7,108
2016.11,강북구,98.8,98.3,109
2016.11,도봉구,98,97.2,110
2016.11,노원구,96.9,96.5,111
2016.11,은평구,97.6,96.5,112
2016.11,서대문구,97.4,97,113
2016.11,마포구,96.3,96,114
2016.11,양천구,96.7,96.6,115
2016.11,강서구,96.2,94.9,116
2016.11,구로구,97.2,96.1,117
2016.11,금천구,97.1,96.2,118
2016.11,영등포구,95.9,95.2,119
2016.11,동작구,96.4,95.6,120
2016.11,관악구,97.2,95.7,121
2016.11,서초구,97.3,97,122
2016.11,강남구,96.2,95.6,123
2016.11,송파구,95.8,94.2,124
2016.11,강동구,96.7,95.8,125
2016.12,서울시,97.1,96.3,100
2016.12,종로구,97.5,96.5,101
2016.12,중구,97.1,96.8,102
2016.12,용산구,96.7,96.4,103
2016.12,성동구,96.7,96.6,104
2016.12,광진구,97.4,96.1,105
2016.12,동대문구,97.7,97.5,106
2016.12,중랑구,98.4,98.3,107
2016.12,성북구,98,98,108
2016.12,강북구,98.8,98.4,109
2016.12,도봉구,98.1,97.4,110
2016.12,노원구,97.1,96.7,111
2016.12,은평구,97.8,96.8,112
2016.12,서대문구,97.6,97.2,113
2016.12,마포구,96.6,96.3,114
2016.12,양천구,96.8,96.7,115
2016.12,강서구,96.5,95.3,116
2016.12,구로구,97.3,96.4,117
2016.12,금천구,97.3,96.4,118
2016.12,영등포구,96.1,95.5,119
2016.12,동작구,96.5,95.7,120
2016.12,관악구,97.3,95.9,121
2016.12,서초구,97.2,96.8,122
2016.12,강남구,96,95.4,123
2016.12,송파구,95.7,94.1,124
2016.12,강동구,96.7,95.7,125
2017.01,서울시,97.1,96.3,100
2017.01,종로구,97.7,96.7,101
2017.01,중구,97.1,96.9,102
2017.01,용산구,96.8,96.6,103
2017.01,성동구,96.6,96.5,104
2017.01,광진구,97.4,96.1,105
2017.01,동대문구,97.7,97.5,106
2017.01,중랑구,98.4,98.3,107
2017.01,성북구,98.1,98.2,108
2017.01,강북구,98.8,98.4,109
2017.01,도봉구,98.1,97.4,110
2017.01,노원구,97,96.7,111
2017.01,은평구,97.9,96.9,112
2017.01,서대문구,97.7,97.4,113
2017.01,마포구,96.7,96.5,114
2017.01,양천구,96.8,96.8,115
2017.01,강서구,96.7,95.5,116
2017.01,구로구,97.4,96.5,117
2017.01,금천구,97.3,96.5,118
2017.01,영등포구,96.2,95.6,119
2017.01,동작구,96.5,95.8,120
2017.01,관악구,97.4,96.1,121
2017.01,서초구,97.2,96.7,122
2017.01,강남구,95.9,95.2,123
2017.01,송파구,95.6,94,124
2017.01,강동구,96.6,95.6,125
2017.02,서울시,97.1,96.4,100
2017.02,종로구,97.8,96.8,101
2017.02,중구,97.2,96.9,102
2017.02,용산구,96.9,96.6,103
2017.02,성동구,96.6,96.5,104
2017.02,광진구,97.4,96.1,105
2017.02,동대문구,97.7,97.5,106
2017.02,중랑구,98.4,98.3,107
2017.02,성북구,98.1,98.2,108
2017.02,강북구,98.8,98.4,109
2017.02,도봉구,98.1,97.4,110
2017.02,노원구,97.1,96.7,111
2017.02,은평구,98,97.2,112
2017.02,서대문구,97.8,97.5,113
2017.02,마포구,96.9,96.6,114
2017.02,양천구,96.8,96.7,115
2017.02,강서구,96.8,95.7,116
2017.02,구로구,97.4,96.6,117
2017.02,금천구,97.4,96.7,118
2017.02,영등포구,96.3,95.7,119
2017.02,동작구,96.7,95.9,120
2017.02,관악구,97.4,96.2,121
2017.02,서초구,97.2,96.8,122
2017.02,강남구,95.9,95.2,123
2017.02,송파구,95.7,94.1,124
2017.02,강동구,96.8,95.8,125
2017.03,서울시,97.3,96.6,100
2017.03,종로구,97.9,97,101
2017.03,중구,97.3,97,102
2017.03,용산구,97.1,96.9,103
2017.03,성동구,96.7,96.5,104
2017.03,광진구,97.4,96.1,105
2017.03,동대문구,97.8,97.5,106
2017.03,중랑구,98.4,98.4,107
2017.03,성북구,98.2,98.2,108
2017.03,강북구,98.8,98.4,109
2017.03,도봉구,98.1,97.4,110
2017.03,노원구,97.1,96.7,111
2017.03,은평구,98.1,97.4,112
2017.03,서대문구,98,97.7,113
2017.03,마포구,97.1,96.8,114
2017.03,양천구,96.8,96.7,115
2017.03,강서구,97,96,116
2017.03,구로구,97.6,96.9,117
2017.03,금천구,97.5,97,118
2017.03,영등포구,96.5,95.9,119
2017.03,동작구,96.8,96.2,120
2017.03,관악구,97.6,96.4,121
2017.03,서초구,97.4,97,122
2017.03,강남구,96.2,95.6,123
2017.03,송파구,95.9,94.3,124
2017.03,강동구,96.8,95.9,125
2017.04,서울시,97.5,96.8,100
2017.04,종로구,98.1,97.3,101
2017.04,중구,97.5,97.2,102
2017.04,용산구,97.5,97.2,103
2017.04,성동구,97,96.8,104
2017.04,광진구,97.5,96.2,105
2017.04,동대문구,98,97.8,106
2017.04,중랑구,98.6,98.5,107
2017.04,성북구,98.3,98.2,108
2017.04,강북구,98.9,98.4,109
2017.04,도봉구,98.3,97.6,110
2017.04,노원구,97.3,96.9,111
2017.04,은평구,98.3,97.7,112
2017.04,서대문구,98.2,98,113
2017.04,마포구,97.5,97.2,114
2017.04,양천구,96.9,96.8,115
2017.04,강서구,97.4,96.5,116
2017.04,구로구,97.9,97.3,117
2017.04,금천구,97.8,97.5,118
2017.04,영등포구,96.9,96.4,119
2017.04,동작구,97.2,96.5,120
2017.04,관악구,97.9,97,121
2017.04,서초구,97.7,97.4,122
2017.04,강남구,96.4,95.9,123
2017.04,송파구,96.1,94.6,124
2017.04,강동구,96.9,95.9,125
2017.05,서울시,97.8,97.3,100
2017.05,종로구,98.3,97.5,101
2017.05,중구,97.8,97.4,102
2017.05,용산구,97.8,97.6,103
2017.05,성동구,97.5,97.4,104
2017.05,광진구,97.8,96.7,105
2017.05,동대문구,98.4,98.3,106
2017.05,중랑구,98.8,98.8,107
2017.05,성북구,98.3,98.2,108
2017.05,강북구,99,98.5,109
2017.05,도봉구,98.5,98,110
2017.05,노원구,97.7,97.3,111
2017.05,은평구,98.6,98.1,112
2017.05,서대문구,98.5,98.3,113
2017.05,마포구,97.8,97.6,114
2017.05,양천구,97.3,97.1,115
2017.05,강서구,97.9,97,116
2017.05,구로구,98.3,97.7,117
2017.05,금천구,98.1,98,118
2017.05,영등포구,97.4,97.1,119
2017.05,동작구,97.6,97,120
2017.05,관악구,98.2,97.6,121
2017.05,서초구,98,97.8,122
2017.05,강남구,96.9,96.4,123
2017.05,송파구,96.4,94.9,124
2017.05,강동구,97.4,96.6,125
2017.06,서울시,98.5,98.2,100
2017.06,종로구,98.6,98,101
2017.06,중구,98.1,98,102
2017.06,용산구,98.4,98.3,103
2017.06,성동구,98.3,98.4,104
2017.06,광진구,98.3,97.5,105
2017.06,동대문구,98.8,98.9,106
2017.06,중랑구,99.1,99.1,107
2017.06,성북구,98.4,98.5,108
2017.06,강북구,99.2,98.9,109
2017.06,도봉구,98.9,98.7,110
2017.06,노원구,98.5,98.3,111
2017.06,은평구,98.9,98.7,112
2017.06,서대문구,98.8,98.8,113
2017.06,마포구,98.3,98.3,114
2017.06,양천구,98.2,98.3,115
2017.06,강서구,98.5,97.9,116
2017.06,구로구,98.6,98.3,117
2017.06,금천구,98.5,98.7,118
2017.06,영등포구,98.1,98,119
2017.06,동작구,98.1,97.7,120
2017.06,관악구,98.6,98.4,121
2017.06,서초구,99,99,122
2017.06,강남구,98.2,98,123
2017.06,송파구,97.4,96.5,124
2017.06,강동구,98.8,98.5,125
2017.07,서울시,98.9,98.7,100
2017.07,종로구,98.9,98.5,101
2017.07,중구,98.6,98.5,102
2017.07,용산구,98.9,98.9,103
2017.07,성동구,99,99.2,104
2017.07,광진구,98.7,98.2,105
2017.07,동대문구,99.1,99.3,106
2017.07,중랑구,99.3,99.4,107
2017.07,성북구,98.7,98.7,108
2017.07,강북구,99.3,99.2,109
2017.07,도봉구,99.3,99.2,110
2017.07,노원구,99.5,99.5,111
2017.07,은평구,99.3,99.1,112
2017.07,서대문구,99.1,99.2,113
2017.07,마포구,98.8,98.9,114
2017.07,양천구,98.6,98.6,115
2017.07,강서구,99,98.5,116
2017.07,구로구,99,98.7,117
2017.07,금천구,98.8,99,118
2017.07,영등포구,98.6,98.7,119
2017.07,동작구,98.5,98.1,120
2017.07,관악구,99,98.9,121
2017.07,서초구,99.5,99.5,122
2017.07,강남구,98.5,98.3,123
2017.07,송파구,97.7,96.9,124
2017.07,강동구,99,98.7,125
2017.08,서울시,99.3,99.3,100
2017.08,종로구,99.3,99.2,101
2017.08,중구,99,99.1,102
2017.08,용산구,99.4,99.6,103
2017.08,성동구,99.4,99.6,104
2017.08,광진구,99.1,98.8,105
2017.08,동대문구,99.4,99.5,106
2017.08,중랑구,99.6,99.7,107
2017.08,성북구,99,99.2,108
2017.08,강북구,99.5,99.5,109
2017.08,도봉구,99.5,99.6,110
2017.08,노원구,100,100.1,111
2017.08,은평구,99.5,99.5,112
2017.08,서대문구,99.4,99.4,113
2017.08,마포구,99.2,99.4,114
2017.08,양천구,99.3,99.4,115
2017.08,강서구,99.5,99.3,116
2017.08,구로구,99.3,99.2,117
2017.08,금천구,99.4,99.8,118
2017.08,영등포구,99.1,99.2,119
2017.08,동작구,99.2,99.1,120
2017.08,관악구,99.5,99.4,121
2017.08,서초구,99.7,99.7,122
2017.08,강남구,99.2,99.1,123
2017.08,송파구,98.4,97.8,124
2017.08,강동구,99.5,99.5,125
2017.09,서울시,99.4,99.3,100
2017.09,종로구,99.5,99.3,101
2017.09,중구,99.3,99.2,102
2017.09,용산구,99.6,99.6,103
2017.09,성동구,99.2,99.2,104
2017.09,광진구,99.3,98.9,105
2017.09,동대문구,99.6,99.7,106
2017.09,중랑구,99.7,99.7,107
2017.09,성북구,99.4,99.5,108
2017.09,강북구,99.6,99.6,109
2017.09,도봉구,99.6,99.7,110
2017.09,노원구,99.8,99.8,111
2017.09,은평구,99.7,99.6,112
2017.09,서대문구,99.5,99.6,113
2017.09,마포구,99.5,99.5,114
2017.09,양천구,99.2,99.2,115
2017.09,강서구,99.5,99.3,116
2017.09,구로구,99.5,99.3,117
2017.09,금천구,99.5,99.8,118
2017.09,영등포구,99.2,99.3,119
2017.09,동작구,99.3,99.1,120
2017.09,관악구,99.6,99.5,121
2017.09,서초구,99.6,99.5,122
2017.09,강남구,99.1,98.9,123
2017.09,송파구,98.5,98,124
2017.09,강동구,99.4,99.3,125
2017.1,서울시,99.6,99.6,100
2017.1,종로구,99.7,99.6,101
2017.1,중구,99.6,99.5,102
2017.1,용산구,99.7,99.8,103
2017.1,성동구,99.4,99.3,104
2017.1,광진구,99.6,99.4,105
2017.1,동대문구,99.8,99.8,106
2017.1,중랑구,99.8,99.8,107
2017.1,성북구,99.7,99.7,108
2017.1,강북구,99.8,99.8,109
2017.1,도봉구,99.8,99.8,110
2017.1,노원구,99.9,99.9,111
2017.1,은평구,99.8,99.8,112
2017.1,서대문구,99.7,99.8,113
2017.1,마포구,99.6,99.7,114
2017.1,양천구,99.4,99.3,115
2017.1,강서구,99.6,99.4,116
2017.1,구로구,99.7,99.6,117
2017.1,금천구,99.7,99.9,118
2017.1,영등포구,99.5,99.6,119
2017.1,동작구,99.5,99.2,120
2017.1,관악구,99.7,99.7,121
2017.1,서초구,99.7,99.6,122
2017.1,강남구,99.4,99.3,123
2017.1,송파구,99.4,99.2,124
2017.1,강동구,99.7,99.7,125
2017.11,서울시,100,100,100
2017.11,종로구,100,100,101
2017.11,중구,100,100,102
2017.11,용산구,100,100,103
2017.11,성동구,100,100,104
2017.11,광진구,100,100,105
2017.11,동대문구,100,100,106
2017.11,중랑구,100,100,107
2017.11,성북구,100,100,108
2017.11,강북구,100,100,109
2017.11,도봉구,100,100,110
2017.11,노원구,100,100,111
2017.11,은평구,100,100,112
2017.11,서대문구,100,100,113
2017.11,마포구,100,100,114
2017.11,양천구,100,100,115
2017.11,강서구,100,100,116
2017.11,구로구,100,100,117
2017.11,금천구,100,100,118
2017.11,영등포구,100,100,119
2017.11,동작구,100,100,120
2017.11,관악구,100,100,121
2017.11,서초구,100,100,122
2017.11,강남구,100,100,123
2017.11,송파구,100,100,124
2017.11,강동구,100,100,125
2017.12,서울시,100.6,100.8,100
2017.12,종로구,100.4,100.2,101
2017.12,중구,100.4,100.6,102
2017.12,용산구,100.4,100.2,103
2017.12,성동구,101.3,101.6,104
2017.12,광진구,100.9,101.6,105
2017.12,동대문구,100.2,100.2,106
2017.12,중랑구,100.2,100.1,107
2017.12,성북구,100.4,100.3,108
2017.12,강북구,100.3,100.4,109
2017.12,도봉구,100.2,100.1,110
2017.12,노원구,100.2,100.1,111
2017.12,은평구,100.2,100.2,112
2017.12,서대문구,100.3,100.3,113
2017.12,마포구,100.4,100.3,114
2017.12,양천구,101.3,102,115
2017.12,강서구,100.2,100.4,116
2017.12,구로구,100.3,100.3,117
2017.12,금천구,100.1,100.1,118
2017.12,영등포구,100.8,101,119
2017.12,동작구,100.4,100.6,120
2017.12,관악구,100.1,100.2,121
2017.12,서초구,101.1,101.5,122
2017.12,강남구,101.4,101.7,123
2017.12,송파구,101.5,102.3,124
2017.12,강동구,100.9,101.2,125
2018.01,서울시,101.5,102.2,100
2018.01,종로구,100.7,101,101
2018.01,중구,100.9,101.2,102
2018.01,용산구,101.3,101.6,103
2018.01,성동구,102.5,103.4,104
2018.01,광진구,101.8,103.5,105
2018.01,동대문구,100.5,100.5,106
2018.01,중랑구,100.5,100.3,107
2018.01,성북구,100.7,100.7,108
2018.01,강북구,100.5,100.9,109
2018.01,도봉구,100.4,100.5,110
2018.01,노원구,100.4,100.4,111
2018.01,은평구,100.4,100.5,112
2018.01,서대문구,100.5,100.6,113
2018.01,마포구,101.2,101.5,114
2018.01,양천구,102.9,104.6,115
2018.01,강서구,100.5,100.8,116
2018.01,구로구,100.6,100.9,117
2018.01,금천구,100.3,100.2,118
2018.01,영등포구,101.3,101.6,119
2018.01,동작구,101.1,101.7,120
2018.01,관악구,100.3,100.5,121
2018.01,서초구,102.9,103.8,122
2018.01,강남구,104.1,105.5,123
2018.01,송파구,104,106.5,124
2018.01,강동구,102.3,103.1,125
2018.02,서울시,102.4,103.6,100
2018.02,종로구,101.2,102,101
2018.02,중구,101.8,102.4,102
2018.02,용산구,103.1,104.5,103
2018.02,성동구,104.1,105.5,104
2018.02,광진구,102.7,105.3,105
2018.02,동대문구,101,101.1,106
2018.02,중랑구,100.8,100.6,107
2018.02,성북구,101.4,101.9,108
2018.02,강북구,100.8,101.3,109
2018.02,도봉구,100.7,100.8,110
2018.02,노원구,100.7,100.7,111
2018.02,은평구,100.8,100.9,112
2018.02,서대문구,101.2,101.5,113
2018.02,마포구,102.8,103.3,114
2018.02,양천구,103.9,106.2,115
2018.02,강서구,101.3,102.2,116
2018.02,구로구,101.2,101.7,117
2018.02,금천구,100.4,100.3,118
2018.02,영등포구,102.1,102.5,119
2018.02,동작구,101.9,102.6,120
2018.02,관악구,100.7,101,121
2018.02,서초구,104.9,106.3,122
2018.02,강남구,106.1,108,123
2018.02,송파구,105.7,109.2,124
2018.02,강동구,104.6,106.5,125
2018.03,서울시,103,104.4,100
2018.03,종로구,101.7,102.6,101
2018.03,중구,102.6,103.7,102
2018.03,용산구,104.1,106,103
2018.03,성동구,105,106.7,104
2018.03,광진구,103.3,106.6,105
2018.03,동대문구,101.4,101.5,106
2018.03,중랑구,101.1,100.9,107
2018.03,성북구,102.3,103.4,108
2018.03,강북구,101,101.7,109
2018.03,도봉구,100.9,101.1,110
2018.03,노원구,100.9,101,111
2018.03,은평구,101.1,101.3,112
2018.03,서대문구,101.8,102.3,113
2018.03,마포구,104.2,104.9,114
2018.03,양천구,104.2,106.7,115
2018.03,강서구,101.9,103.3,116
2018.03,구로구,101.5,102.1,117
2018.03,금천구,100.5,100.4,118
2018.03,영등포구,102.6,103.2,119
2018.03,동작구,102.5,103.5,120
2018.03,관악구,100.9,101.3,121
2018.03,서초구,105.4,106.9,122
2018.03,강남구,106.9,109.1,123
2018.03,송파구,106.5,110.5,124
2018.03,강동구,105.5,107.8,125
2018.04,서울시,103.3,104.8,100
2018.04,종로구,102.1,103.4,101
2018.04,중구,103.1,104.5,102
2018.04,용산구,104.6,106.5,103
2018.04,성동구,105.2,106.9,104
2018.04,광진구,103.6,107.1,105
2018.04,동대문구,101.8,102,106
2018.04,중랑구,101.3,101.1,107
2018.04,성북구,102.7,104,108
2018.04,강북구,101.2,102,109
2018.04,도봉구,101,101.2,110
2018.04,노원구,101,101,111
2018.04,은평구,101.3,101.5,112
2018.04,서대문구,102.3,103,113
2018.04,마포구,104.9,105.8,114
2018.04,양천구,104.2,106.5,115
2018.04,강서구,102.7,104.7,116
2018.04,구로구,102,102.8,117
2018.04,금천구,100.6,100.6,118
2018.04,영등포구,103.1,103.7,119
2018.04,동작구,103.3,104.3,120
2018.04,관악구,101.1,101.4,121
2018.04,서초구,105.5,107,122
2018.04,강남구,107.2,109.3,123
2018.04,송파구,106.7,110.7,124
2018.04,강동구,105.8,108.1,125
2018.05,서울시,103.5,105,100
2018.05,종로구,102.4,104,101
2018.05,중구,103.6,105.2,102
2018.05,용산구,105,106.9,103
2018.05,성동구,105.2,106.7,104
2018.05,광진구,103.9,107.5,105
2018.05,동대문구,102.1,102.4,106
2018.05,중랑구,101.5,101.4,107
2018.05,성북구,103.3,104.9,108
2018.05,강북구,101.4,102.5,109
2018.05,도봉구,101.2,101.4,110
2018.05,노원구,100.9,101,111
2018.05,은평구,101.6,101.9,112
2018.05,서대문구,102.8,103.7,113
2018.05,마포구,105.5,106.4,114
2018.05,양천구,104.1,106.5,115
2018.05,강서구,103.1,105.2,116
2018.05,구로구,102.4,103.4,117
2018.05,금천구,100.8,100.8,118
2018.05,영등포구,103.4,104.1,119
2018.05,동작구,104,105.3,120
2018.05,관악구,101.4,101.9,121
2018.05,서초구,105.4,106.9,122
2018.05,강남구,107,109.1,123
2018.05,송파구,106.6,110.5,124
2018.05,강동구,105.8,108,125
2018.06,서울시,103.8,105.2,100
2018.06,종로구,102.8,104.6,101
2018.06,중구,104.1,105.8,102
2018.06,용산구,105.3,107.2,103
2018.06,성동구,105.4,106.8,104
2018.06,광진구,103.9,107.3,105
2018.06,동대문구,102.6,103,106
2018.06,중랑구,101.9,101.8,107
2018.06,성북구,103.8,105.5,108
2018.06,강북구,101.8,103.2,109
2018.06,도봉구,101.4,101.7,110
2018.06,노원구,101,101.1,111
2018.06,은평구,102,102.4,112
2018.06,서대문구,103.4,104.5,113
2018.06,마포구,106.2,107,114
2018.06,양천구,104.1,106.4,115
2018.06,강서구,103.4,105.5,116
2018.06,구로구,103,104.1,117
2018.06,금천구,101.1,101,118
2018.06,영등포구,103.8,104.5,119
2018.06,동작구,104.5,105.9,120
2018.06,관악구,101.7,102.5,121
2018.06,서초구,105.3,106.7,122
2018.06,강남구,106.7,108.6,123
2018.06,송파구,106.3,110,124
2018.06,강동구,106,108.3,125
2018.07,서울시,104.1,105.6,100
2018.07,종로구,103.3,105.3,101
2018.07,중구,104.7,106.6,102
2018.07,용산구,105.8,107.9,103
2018.07,성동구,105.8,107.3,104
2018.07,광진구,104,107.3,105
2018.07,동대문구,103.1,103.7,106
2018.07,중랑구,102.4,102.4,107
2018.07,성북구,104.2,106,108
2018.07,강북구,102.1,104.1,109
2018.07,도봉구,101.6,102,110
2018.07,노원구,101.2,101.2,111
2018.07,은평구,102.4,102.9,112
2018.07,서대문구,103.9,105.1,113
2018.07,마포구,106.7,107.7,114
2018.07,양천구,104.5,107,115
2018.07,강서구,103.8,106,116
2018.07,구로구,103.5,104.7,117
2018.07,금천구,101.5,101.4,118
2018.07,영등포구,104.7,105.6,119
2018.07,동작구,105.1,106.7,120
2018.07,관악구,102.1,103.2,121
2018.07,서초구,105.4,106.7,122
2018.07,강남구,106.5,108.3,123
2018.07,송파구,106.2,109.8,124
2018.07,강동구,106.2,108.5,125
2018.08,서울시,104.7,106.5,100
2018.08,종로구,103.9,106.1,101
2018.08,중구,105.7,107.9,102
2018.08,용산구,107.2,109.8,103
2018.08,성동구,106.7,108.3,104
2018.08,광진구,104.1,107.5,105
2018.08,동대문구,103.9,104.8,106
2018.08,중랑구,102.7,102.7,107
2018.08,성북구,104.9,106.8,108
2018.08,강북구,102.7,105.3,109
2018.08,도봉구,102.1,102.5,110
2018.08,노원구,101.7,101.7,111
2018.08,은평구,103.2,104.3,112
2018.08,서대문구,104.5,105.8,113
2018.08,마포구,108,109.2,114
2018.08,양천구,105.3,108.3,115
2018.08,강서구,104.4,106.8,116
2018.08,구로구,103.8,105.2,117
2018.08,금천구,101.9,101.9,118
2018.08,영등포구,105.9,107.1,119
2018.08,동작구,106.1,108,120
2018.08,관악구,102.5,103.8,121
2018.08,서초구,105.9,107.4,122
2018.08,강남구,107.2,109.1,123
2018.08,송파구,106.9,110.6,124
2018.08,강동구,106.8,109.3,125
2018.09,서울시,106,108.4,100
2018.09,종로구,104.6,107.2,101
2018.09,중구,106.8,109.5,102
2018.09,용산구,108.4,111.3,103
2018.09,성동구,108.2,110.2,104
2018.09,광진구,104.7,108.7,105
2018.09,동대문구,105,106.3,106
2018.09,중랑구,103.5,103.8,107
2018.09,성북구,106,108.2,108
2018.09,강북구,103.7,107.2,109
2018.09,도봉구,103.3,104.3,110
2018.09,노원구,103,103.3,111
2018.09,은평구,104.2,106,112
2018.09,서대문구,105.3,106.9,113
2018.09,마포구,109.2,110.8,114
2018.09,양천구,106.7,110.6,115
2018.09,강서구,105.7,109.1,116
2018.09,구로구,104.6,106.3,117
2018.09,금천구,102.7,103.2,118
2018.09,영등포구,107.6,109.2,119
2018.09,동작구,107.7,110.7,120
2018.09,관악구,103.3,105,121
2018.09,서초구,108,110,122
2018.09,강남구,109.1,111.6,123
2018.09,송파구,108.5,113.3,124
2018.09,강동구,109.1,112.9,125
2018.1,서울시,106.6,109.1,100
2018.1,종로구,105.2,108.1,101
2018.1,중구,107.5,110.4,102
2018.1,용산구,109.2,111.6,103
2018.1,성동구,108.7,110.6,104
2018.1,광진구,105.1,109,105
2018.1,동대문구,105.6,107.1,106
2018.1,중랑구,103.9,104.4,107
2018.1,성북구,106.7,108.9,108
2018.1,강북구,104.3,108.1,109
2018.1,도봉구,103.9,105.2,110
2018.1,노원구,103.7,104.1,111
2018.1,은평구,104.7,106.7,112
2018.1,서대문구,105.8,107.6,113
2018.1,마포구,109.9,111.5,114
2018.1,양천구,107.1,111,115
2018.1,강서구,106.2,109.9,116
2018.1,구로구,105,106.8,117
2018.1,금천구,103.2,103.9,118
2018.1,영등포구,108.2,109.8,119
2018.1,동작구,108.2,111.2,120
2018.1,관악구,103.6,105.5,121
2018.1,서초구,108.5,110.6,122
2018.1,강남구,109.7,112.1,123
2018.1,송파구,109,113.9,124
2018.1,강동구,109.8,113.7,125
2018.11,서울시,106.8,109.1,100
2018.11,종로구,105.7,108.5,101
2018.11,중구,108,110.8,102
2018.11,용산구,109.6,111.6,103
2018.11,성동구,109.1,110.7,104
2018.11,광진구,105.4,109.2,105
2018.11,동대문구,106.1,107.4,106
2018.11,중랑구,104.2,104.5,107
2018.11,성북구,107.1,109.2,108
2018.11,강북구,104.8,108.5,109
2018.11,도봉구,104.3,105.4,110
2018.11,노원구,104.1,104.4,111
2018.11,은평구,105,106.8,112
2018.11,서대문구,106.1,107.7,113
2018.11,마포구,110.1,111.6,114
2018.11,양천구,107.3,111.1,115
2018.11,강서구,106.3,109.9,116
2018.11,구로구,105.2,106.9,117
2018.11,금천구,103.4,104.1,118
2018.11,영등포구,108.5,109.9,119
2018.11,동작구,108.1,111,120
2018.11,관악구,103.7,105.5,121
2018.11,서초구,108.5,110.4,122
2018.11,강남구,109.6,111.9,123
2018.11,송파구,108.9,113.6,124
2018.11,강동구,110,113.7,125
2018.12,서울시,106.8,108.9,100
2018.12,종로구,106.2,108.5,101
2018.12,중구,108.4,111.1,102
2018.12,용산구,109.8,111.3,103
2018.12,성동구,109.3,110.6,104
2018.12,광진구,105.6,109,105
2018.12,동대문구,106.2,107.1,106
2018.12,중랑구,104.4,104.5,107
2018.12,성북구,107.5,109.2,108
2018.12,강북구,105,108.6,109
2018.12,도봉구,104.3,105.3,110
2018.12,노원구,104,104.2,111
2018.12,은평구,105.2,106.8,112
2018.12,서대문구,106.2,107.7,113
2018.12,마포구,110.3,111.4,114
2018.12,양천구,107.3,110.9,115
2018.12,강서구,106.4,109.8,116
2018.12,구로구,105.2,106.8,117
2018.12,금천구,103.5,104.1,118
2018.12,영등포구,108.6,109.9,119
2018.12,동작구,108.1,110.8,120
2018.12,관악구,103.8,105.5,121
2018.12,서초구,108.3,110,122
2018.12,강남구,109.3,111.3,123
2018.12,송파구,108.7,113,124
2018.12,강동구,109.9,113.5,125
2019.01,서울시,106.6,108.5,100
2019.01,종로구,106.2,108.5,101
2019.01,중구,108.4,110.8,102
2019.01,용산구,109.7,110.8,103
2019.01,성동구,109.3,110.3,104
2019.01,광진구,105.7,108.8,105
2019.01,동대문구,106.1,106.8,106
2019.01,중랑구,104.4,104.4,107
2019.01,성북구,107.4,109,108
2019.01,강북구,105,108.5,109
2019.01,도봉구,104.3,105.2,110
2019.01,노원구,103.7,103.8,111
2019.01,은평구,105.1,106.6,112
2019.01,서대문구,106.2,107.5,113
2019.01,마포구,110,110.9,114
2019.01,양천구,107,110.4,115
2019.01,강서구,106.2,109.5,116
2019.01,구로구,105.1,106.5,117
2019.01,금천구,103.5,104,118
2019.01,영등포구,108.5,109.7,119
2019.01,동작구,107.9,110.5,120
2019.01,관악구,103.7,105.2,121
2019.01,서초구,107.8,109.5,122
2019.01,강남구,108.3,110,123
2019.01,송파구,108.1,112.1,124
2019.01,강동구,109.6,113,125
2019.02,서울시,106.4,108.1,100
2019.02,종로구,106.2,108.4,101
2019.02,중구,108.2,110.6,102
2019.02,용산구,109.5,110.4,103
2019.02,성동구,109.2,110.1,104
2019.02,광진구,105.6,108.5,105
2019.02,동대문구,106.1,106.5,106
2019.02,중랑구,104.4,104.2,107
2019.02,성북구,107.4,108.9,108
2019.02,강북구,105,108.4,109
2019.02,도봉구,104.2,104.9,110
2019.02,노원구,103.5,103.5,111
2019.02,은평구,105.1,106.5,112
2019.02,서대문구,106.1,107.4,113
2019.02,마포구,109.7,110.3,114
2019.02,양천구,106.7,109.9,115
2019.02,강서구,106.1,109.3,116
2019.02,구로구,105.1,106.5,117
2019.02,금천구,103.5,103.9,118
2019.02,영등포구,108.5,109.5,119
2019.02,동작구,107.7,110,120
2019.02,관악구,103.6,105,121
2019.02,서초구,107.2,108.8,122
2019.02,강남구,107.5,108.8,123
2019.02,송파구,107.8,111.5,124
2019.02,강동구,109.1,112.1,125
2019.03,서울시,106.2,107.7,100
2019.03,종로구,106.2,108.4,101
2019.03,중구,108.1,110.3,102
2019.03,용산구,109.4,110.1,103
2019.03,성동구,108.9,109.7,104
2019.03,광진구,105.6,108.3,105
2019.03,동대문구,105.8,105.9,106
2019.03,중랑구,104.3,104,107
2019.03,성북구,107.4,108.7,108
2019.03,강북구,104.9,108.3,109
2019.03,도봉구,103.9,104.4,110
2019.03,노원구,103.2,103.2,111
2019.03,은평구,105,106.1,112
2019.03,서대문구,106.1,107.2,113
2019.03,마포구,109.6,110.1,114
2019.03,양천구,106.3,109.3,115
2019.03,강서구,105.9,109,116
2019.03,구로구,105.1,106.4,117
2019.03,금천구,103.4,103.7,118
2019.03,영등포구,108.3,109.2,119
2019.03,동작구,107.5,109.5,120
2019.03,관악구,103.6,104.8,121
2019.03,서초구,106.8,108.2,122
2019.03,강남구,106.7,107.9,123
2019.03,송파구,107.4,110.9,124
2019.03,강동구,108.4,111.1,125
2019.04,서울시,106,107.3,100
2019.04,종로구,106.1,108.3,101
2019.04,중구,108,110.1,102
2019.04,용산구,109.3,109.7,103
2019.04,성동구,108.6,109.1,104
2019.04,광진구,105.6,108,105
2019.04,동대문구,105.8,105.6,106
2019.04,중랑구,104.3,103.8,107
2019.04,성북구,107.3,108.5,108
2019.04,강북구,104.9,108.3,109
2019.04,도봉구,103.8,104.1,110
2019.04,노원구,102.9,102.8,111
2019.04,은평구,105,105.9,112
2019.04,서대문구,106,107,113
2019.04,마포구,109.5,110,114
2019.04,양천구,105.9,108.5,115
2019.04,강서구,105.7,108.7,116
2019.04,구로구,105,106.2,117
2019.04,금천구,103.5,103.7,118
2019.04,영등포구,108.3,109.1,119
2019.04,동작구,107.1,108.9,120
2019.04,관악구,103.5,104.6,121
2019.04,서초구,106.3,107.6,122
2019.04,강남구,106.5,107.5,123
2019.04,송파구,107.3,110.6,124
2019.04,강동구,107.7,110,125
2019.05,서울시,105.9,107.1,100
2019.05,종로구,106.1,108.3,101
2019.05,중구,107.9,110,102
2019.05,용산구,109.3,109.5,103
2019.05,성동구,108.1,108.3,104
2019.05,광진구,105.6,108,105
2019.05,동대문구,105.7,105.4,106
2019.05,중랑구,104.3,103.8,107
2019.05,성북구,107.2,108.4,108
2019.05,강북구,104.8,108.3,109
2019.05,도봉구,103.7,103.9,110
2019.05,노원구,102.9,102.7,111
2019.05,은평구,104.9,105.8,112
2019.05,서대문구,106,106.8,113
2019.05,마포구,109.4,109.9,114
2019.05,양천구,105.7,108.3,115
2019.05,강서구,105.5,108.4,116
2019.05,구로구,104.9,106.1,117
2019.05,금천구,103.4,103.6,118
2019.05,영등포구,108.2,108.9,119
2019.05,동작구,107,108.5,120
2019.05,관악구,103.5,104.4,121
2019.05,서초구,106.1,107.3,122
2019.05,강남구,106.5,107.5,123
2019.05,송파구,107.2,110.4,124
2019.05,강동구,107,108.9,125
2019.06,서울시,105.9,107,100
2019.06,종로구,106.1,108.3,101
2019.06,중구,107.9,109.9,102
2019.06,용산구,109.3,109.4,103
2019.06,성동구,107.9,107.8,104
2019.06,광진구,105.6,107.9,105
2019.06,동대문구,105.7,105.2,106
2019.06,중랑구,104.3,103.7,107
2019.06,성북구,107.2,108.2,108
2019.06,강북구,104.8,108.3,109
2019.06,도봉구,103.6,103.8,110
2019.06,노원구,102.8,102.7,111
2019.06,은평구,104.9,105.7,112
2019.06,서대문구,106,106.7,113
2019.06,마포구,109.4,109.9,114
2019.06,양천구,105.6,108.1,115
2019.06,강서구,105.4,108.2,116
2019.06,구로구,105,106.2,117
2019.06,금천구,103.4,103.6,118
2019.06,영등포구,108.2,108.8,119
2019.06,동작구,106.9,108.4,120
2019.06,관악구,103.4,104.4,121
2019.06,서초구,106,107.3,122
2019.06,강남구,106.5,107.5,123
2019.06,송파구,107.2,110.4,124
2019.06,강동구,106.8,108.6,125
2019.07,서울시,105.9,107.1,100
2019.07,종로구,106.1,108.2,101
2019.07,중구,108,110,102
2019.07,용산구,109.4,109.5,103
2019.07,성동구,108,107.9,104
2019.07,광진구,105.7,108,105
2019.07,동대문구,105.7,105.1,106
2019.07,중랑구,104.3,103.6,107
2019.07,성북구,107.2,108.2,108
2019.07,강북구,104.9,108.4,109
2019.07,도봉구,103.7,103.9,110
2019.07,노원구,102.9,102.7,111
2019.07,은평구,105,105.8,112
2019.07,서대문구,106.1,106.7,113
2019.07,마포구,109.6,110,114
2019.07,양천구,105.7,108.4,115
2019.07,강서구,105.4,108.2,116
2019.07,구로구,105,106.2,117
2019.07,금천구,103.5,103.7,118
2019.07,영등포구,108.4,109,119
2019.07,동작구,107,108.6,120
2019.07,관악구,103.4,104.3,121
2019.07,서초구,106.2,107.5,122
2019.07,강남구,106.7,107.7,123
2019.07,송파구,107.4,110.6,124
2019.07,강동구,106.7,108.4,125
2019.08,서울시,106.1,107.2,100
2019.08,종로구,106.2,108.3,101
2019.08,중구,108.2,110.2,102
2019.08,용산구,109.6,109.6,103
2019.08,성동구,108.2,108.1,104
2019.08,광진구,105.9,108.2,105
2019.08,동대문구,105.9,105.3,106
2019.08,중랑구,104.4,103.7,107
2019.08,성북구,107.4,108.3,108
2019.08,강북구,105,108.5,109
2019.08,도봉구,103.8,104,110
2019.08,노원구,103,102.8,111
2019.08,은평구,105,105.9,112
2019.08,서대문구,106.2,106.9,113
2019.08,마포구,109.8,110.3,114
2019.08,양천구,105.8,108.5,115
2019.08,강서구,105.4,108.3,116
2019.08,구로구,105.1,106.3,117
2019.08,금천구,103.6,103.8,118
2019.08,영등포구,108.6,109.1,119
2019.08,동작구,107.2,108.7,120
2019.08,관악구,103.5,104.4,121
2019.08,서초구,106.5,107.8,122
2019.08,강남구,106.9,108,123
2019.08,송파구,107.5,110.8,124
2019.08,강동구,106.8,108.5,125
2019.09,서울시,106.3,107.4,100
2019.09,종로구,106.4,108.5,101
2019.09,중구,108.4,110.4,102
2019.09,용산구,109.9,109.9,103
2019.09,성동구,108.5,108.5,104
2019.09,광진구,106.1,108.4,105
2019.09,동대문구,106,105.5,106
2019.09,중랑구,104.5,103.8,107
2019.09,성북구,107.5,108.5,108
2019.09,강북구,105.2,108.8,109
2019.09,도봉구,104,104.2,110
2019.09,노원구,103.2,103,111
2019.09,은평구,105.1,106.1,112
2019.09,서대문구,106.4,107,113
2019.09,마포구,110.1,110.6,114
2019.09,양천구,105.9,108.6,115
2019.09,강서구,105.6,108.4,116
2019.09,구로구,105.2,106.4,117
2019.09,금천구,103.7,103.9,118
2019.09,영등포구,108.8,109.3,119
2019.09,동작구,107.4,108.9,120
2019.09,관악구,103.6,104.5,121
2019.09,서초구,106.8,108,122
2019.09,강남구,107.1,108.2,123
2019.09,송파구,107.7,111,124
2019.09,강동구,107,108.7,125
2019.1,서울시,106.7,108.1,100
2019.1,종로구,106.7,108.8,101
2019.1,중구,109,111.1,102
2019.1,용산구,110.4,110.4,103
2019.1,성동구,109.1,109.2,104
2019.1,광진구,106.5,109.3,105
2019.1,동대문구,106.4,106,106
2019.1,중랑구,104.8,104.1,107
2019.1,성북구,107.9,108.8,108
2019.1,강북구,105.5,109.2,109
2019.1,도봉구,104.3,104.6,110
2019.1,노원구,103.7,103.5,111
2019.1,은평구,105.3,106.5,112
2019.1,서대문구,106.7,107.5,113
2019.1,마포구,110.8,111.5,114
2019.1,양천구,106.5,109.4,115
2019.1,강서구,105.9,108.8,116
2019.1,구로구,105.5,106.8,117
2019.1,금천구,104.1,104.4,118
2019.1,영등포구,109.3,110,119
2019.1,동작구,108,109.5,120
2019.1,관악구,103.8,104.8,121
2019.1,서초구,107.3,108.7,122
2019.1,강남구,108,109.4,123
2019.1,송파구,108.5,112.1,124
2019.1,강동구,107.7,109.6,125
2019.11,서울시,107.3,108.8,100
2019.11,종로구,106.9,109.1,101
2019.11,중구,109.4,111.7,102
2019.11,용산구,111,111.1,103
2019.11,성동구,109.8,110.1,104
2019.11,광진구,106.9,109.8,105
2019.11,동대문구,106.8,106.6,106
2019.11,중랑구,105,104.5,107
2019.11,성북구,108.2,109.4,108
2019.11,강북구,105.8,109.6,109
2019.11,도봉구,104.7,105,110
2019.11,노원구,104,104,111
2019.11,은평구,105.6,106.9,112
2019.11,서대문구,107.1,108.1,113
2019.11,마포구,111.5,112.3,114
2019.11,양천구,107.1,110.4,115
2019.11,강서구,106.3,109.5,116
2019.11,구로구,105.9,107.4,117
2019.11,금천구,104.4,105,118
2019.11,영등포구,110,110.8,119
2019.11,동작구,108.7,110.5,120
2019.11,관악구,104.1,105.3,121
2019.11,서초구,108.1,109.6,122
2019.11,강남구,109,110.5,123
2019.11,송파구,109.3,113.4,124
2019.11,강동구,108.4,110.6,125
2019.12,서울시,108.2,110.1,100
2019.12,종로구,107.5,109.8,101
2019.12,중구,109.8,112.1,102
2019.12,용산구,111.6,111.9,103
2019.12,성동구,110.6,111,104
2019.12,광진구,107.5,110.5,105
2019.12,동대문구,107.4,107.3,106
2019.12,중랑구,105.4,104.8,107
2019.12,성북구,108.7,109.9,108
2019.12,강북구,106.3,109.9,109
2019.12,도봉구,105,105.6,110
2019.12,노원구,104.6,104.5,111
2019.12,은평구,106,107.6,112
2019.12,서대문구,107.5,108.6,113
2019.12,마포구,112.2,113.1,114
2019.12,양천구,108.7,112.8,115
2019.12,강서구,107,110.4,116
2019.12,구로구,106.5,108,117
2019.12,금천구,105,105.7,118
2019.12,영등포구,110.7,111.6,119
2019.12,동작구,109.9,112.1,120
2019.12,관악구,104.8,106,121
2019.12,서초구,109.8,111.8,122
2019.12,강남구,111.4,113.8,123
2019.12,송파구,111.2,116.5,124
2019.12,강동구,110.2,113.6,125
2020.01,서울시,108.5,110.6,100
2020.01,종로구,107.8,110.5,101
2020.01,중구,110,112.4,102
2020.01,용산구,112,112.2,103
2020.01,성동구,110.8,111.4,104
2020.01,광진구,107.8,110.8,105
2020.01,동대문구,107.7,107.7,106
2020.01,중랑구,105.6,105,107
2020.01,성북구,109,110.4,108
2020.01,강북구,106.5,110.4,109
2020.01,도봉구,105.2,105.8,110
2020.01,노원구,105,105,111
2020.01,은평구,106.3,107.9,112
2020.01,서대문구,107.8,108.9,113
2020.01,마포구,112.7,113.6,114
2020.01,양천구,109.3,113.7,115
2020.01,강서구,107.2,110.8,116
2020.01,구로구,106.8,108.5,117
2020.01,금천구,105.2,106.1,118
2020.01,영등포구,111.2,112.2,119
2020.01,동작구,110.4,112.8,120
2020.01,관악구,105,106.4,121
2020.01,서초구,110.2,112.3,122
2020.01,강남구,111.9,114.5,123
2020.01,송파구,111.6,117.1,124
2020.01,강동구,110.7,114.3,125
2020.02,서울시,108.7,110.8,100
2020.02,종로구,108,110.6,101
2020.02,중구,110.1,112.5,102
2020.02,용산구,112.2,112.4,103
2020.02,성동구,111.1,111.5,104
2020.02,광진구,107.9,110.8,105
2020.02,동대문구,108,108.1,106
2020.02,중랑구,105.9,105.2,107
2020.02,성북구,109.3,110.6,108
2020.02,강북구,106.8,110.7,109
2020.02,도봉구,105.4,106.2,110
2020.02,노원구,105.3,105.4,111
2020.02,은평구,106.5,108.1,112
2020.02,서대문구,108,109.1,113
2020.02,마포구,113,113.9,114
2020.02,양천구,109.4,113.8,115
2020.02,강서구,107.3,110.9,116
2020.02,구로구,107.1,108.8,117
2020.02,금천구,105.3,106.2,118
2020.02,영등포구,111.4,112.4,119
2020.02,동작구,110.5,113,120
2020.02,관악구,105.1,106.5,121
2020.02,서초구,110.1,112.1,122
2020.02,강남구,111.8,114.3,123
2020.02,송파구,111.6,116.9,124
2020.02,강동구,110.8,114.3,125
2020.03,서울시,108.9,110.9,100
2020.03,종로구,108.1,110.7,101
2020.03,중구,110.3,112.6,102
2020.03,용산구,112.4,112.5,103
2020.03,성동구,111.2,111.7,104
2020.03,광진구,108,110.8,105
2020.03,동대문구,108.3,108.4,106
2020.03,중랑구,106.1,105.4,107
2020.03,성북구,109.5,111,108
2020.03,강북구,107.1,111.2,109
2020.03,도봉구,105.7,106.6,110
2020.03,노원구,105.7,105.8,111
2020.03,은평구,106.7,108.3,112
2020.03,서대문구,108.2,109.2,113
2020.03,마포구,113.3,114.1,114
2020.03,양천구,109.5,114,115
2020.03,강서구,107.4,111,116
2020.03,구로구,107.3,109.2,117
2020.03,금천구,105.5,106.3,118
2020.03,영등포구,111.6,112.6,119
2020.03,동작구,110.7,113.1,120
2020.03,관악구,105.3,106.7,121
2020.03,서초구,110,111.8,122
2020.03,강남구,111.6,113.9,123
2020.03,송파구,111.4,116.5,124
2020.03,강동구,111,114.4,125
2020.04,서울시,108.8,110.8,100
2020.04,종로구,108.1,110.7,101
2020.04,중구,110.3,112.6,102
2020.04,용산구,112.4,112.4,103
2020.04,성동구,111.2,111.7,104
2020.04,광진구,108,110.8,105
2020.04,동대문구,108.4,108.4,106
2020.04,중랑구,106.2,105.5,107
2020.04,성북구,109.5,110.9,108
2020.04,강북구,107.3,111.6,109
2020.04,도봉구,105.9,106.9,110
2020.04,노원구,106,106.1,111
2020.04,은평구,106.7,108.2,112
2020.04,서대문구,108.3,109.2,113
2020.04,마포구,113.3,114,114
2020.04,양천구,109.6,114,115
2020.04,강서구,107.5,111.2,116
2020.04,구로구,107.6,109.5,117
2020.04,금천구,105.6,106.5,118
2020.04,영등포구,111.8,112.7,119
2020.04,동작구,110.7,113.1,120
2020.04,관악구,105.5,107,121
2020.04,서초구,109.3,110.7,122
2020.04,강남구,110.9,112.8,123
2020.04,송파구,111,115.8,124
2020.04,강동구,111,114.3,125
2020.05,서울시,108.7,110.5,100
2020.05,종로구,108.1,110.6,101
2020.05,중구,110.3,112.5,102
2020.05,용산구,112.4,112.3,103
2020.05,성동구,111.2,111.6,104
2020.05,광진구,108,110.7,105
2020.05,동대문구,108.4,108.3,106
2020.05,중랑구,106.3,105.5,107
2020.05,성북구,109.5,110.8,108
2020.05,강북구,107.3,111.6,109
2020.05,도봉구,105.9,106.9,110
2020.05,노원구,106.1,106.1,111
2020.05,은평구,106.7,108.2,112
2020.05,서대문구,108.2,109.1,113
2020.05,마포구,113.2,113.7,114
2020.05,양천구,109.5,113.9,115
2020.05,강서구,107.5,111.1,116
2020.05,구로구,107.8,109.8,117
2020.05,금천구,105.7,106.6,118
2020.05,영등포구,111.8,112.6,119
2020.05,동작구,110.7,113.1,120
2020.05,관악구,105.5,107.1,121
2020.05,서초구,108.7,109.8,122
2020.05,강남구,110.2,111.8,123
2020.05,송파구,110.7,115.2,124
2020.05,강동구,110.9,114.1,125
2020.06,서울시,108.9,110.7,100
2020.06,종로구,108.2,110.6,101
2020.06,중구,110.3,112.5,102
2020.06,용산구,112.6,112.3,103
2020.06,성동구,111.4,111.8,104
2020.06,광진구,108.2,110.9,105
2020.06,동대문구,108.6,108.5,106
2020.06,중랑구,106.4,105.6,107
2020.06,성북구,109.5,110.8,108
2020.06,강북구,107.5,111.7,109
2020.06,도봉구,106,107,110
2020.06,노원구,106.2,106.3,111
2020.06,은평구,106.7,108.3,112
2020.06,서대문구,108.3,109.2,113
2020.06,마포구,113.4,113.7,114
2020.06,양천구,109.7,114.1,115
2020.06,강서구,107.6,111.2,116
2020.06,구로구,108.1,110.2,117
2020.06,금천구,105.9,106.9,118
2020.06,영등포구,112,112.7,119
2020.06,동작구,110.9,113.2,120
2020.06,관악구,105.7,107.4,121
2020.06,서초구,108.7,109.8,122
2020.06,강남구,110.3,111.9,123
2020.06,송파구,110.9,115.6,124
2020.06,강동구,110.9,114.1,125
2020.07,서울시,109.7,111.9,100
2020.07,종로구,108.6,111.5,101
2020.07,중구,110.9,113.3,102
2020.07,용산구,113.1,113.2,103
2020.07,성동구,112.3,112.8,104
2020.07,광진구,108.7,111.7,105
2020.07,동대문구,109.5,109.9,106
2020.07,중랑구,107,106.5,107
2020.07,성북구,110.3,111.9,108
2020.07,강북구,108.3,113.6,109
2020.07,도봉구,106.9,108.5,110
2020.07,노원구,107.5,107.8,111
2020.07,은평구,107.2,109.3,112
2020.07,서대문구,108.8,110.1,113
2020.07,마포구,114.3,115.2,114
2020.07,양천구,110.4,115.3,115
2020.07,강서구,108.3,112.4,116
2020.07,구로구,109,111.6,117
2020.07,금천구,106.5,108,118
2020.07,영등포구,112.8,113.8,119
2020.07,동작구,111.4,114.2,120
2020.07,관악구,106.3,108.6,121
2020.07,서초구,109.5,110.8,122
2020.07,강남구,111,112.9,123
2020.07,송파구,111.9,117.2,124
2020.07,강동구,111.8,115.6,125
2020.08,서울시,110.1,112.6,100
2020.08,종로구,108.9,112,101
2020.08,중구,111.3,113.8,102
2020.08,용산구,113.6,113.8,103
2020.08,성동구,112.9,113.5,104
2020.08,광진구,109.2,112.3,105
2020.08,동대문구,110,110.6,106
2020.08,중랑구,107.4,107.2,107
2020.08,성북구,110.9,112.6,108
2020.08,강북구,108.8,114.4,109
2020.08,도봉구,107.5,109.3,110
2020.08,노원구,108.2,108.6,111
2020.08,은평구,107.6,109.9,112
2020.08,서대문구,109.3,110.7,113
2020.08,마포구,114.8,115.9,114
2020.08,양천구,110.9,116,115
2020.08,강서구,108.8,113.1,116
2020.08,구로구,109.5,112.2,117
2020.08,금천구,106.9,108.6,118
2020.08,영등포구,113.4,114.6,119
2020.08,동작구,111.8,114.6,120
2020.08,관악구,106.8,109.3,121
2020.08,서초구,109.8,111.2,122
2020.08,강남구,111.4,113.3,123
2020.08,송파구,112.3,117.6,124
2020.08,강동구,112.1,115.9,125
2020.09,서울시,110.4,112.9,100
2020.09,종로구,109.2,112.3,101
2020.09,중구,111.6,114,102
2020.09,용산구,113.9,114.2,103
2020.09,성동구,113.2,113.8,104
2020.09,광진구,109.6,112.7,105
2020.09,동대문구,110.5,111.1,106
2020.09,중랑구,107.8,107.8,107
2020.09,성북구,111.3,113,108
2020.09,강북구,109.2,114.7,109
2020.09,도봉구,107.7,109.5,110
2020.09,노원구,108.6,109,111
2020.09,은평구,107.9,110.4,112
2020.09,서대문구,109.7,111.2,113
2020.09,마포구,115.2,116.3,114
2020.09,양천구,111.2,116.4,115
2020.09,강서구,109.1,113.6,116
2020.09,구로구,109.8,112.7,117
2020.09,금천구,107.1,109,118
2020.09,영등포구,113.7,115,119
2020.09,동작구,112,114.8,120
2020.09,관악구,107.1,109.9,121
2020.09,서초구,110,111.3,122
2020.09,강남구,111.6,113.5,123
2020.09,송파구,112.4,117.7,124
2020.09,강동구,112.3,116.1,125
2020.1,서울시,110.6,113,100
2020.1,종로구,109.4,112.3,101
2020.1,중구,111.8,114.2,102
2020.1,용산구,114.1,114.3,103
2020.1,성동구,113.4,113.9,104
2020.1,광진구,109.8,112.8,105
2020.1,동대문구,110.7,111.3,106
2020.1,중랑구,108.1,108,107
2020.1,성북구,111.5,113.2,108
2020.1,강북구,109.4,114.9,109
2020.1,도봉구,107.9,109.7,110
2020.1,노원구,108.8,109.2,111
2020.1,은평구,108.1,110.6,112
2020.1,서대문구,109.8,111.3,113
2020.1,마포구,115.4,116.4,114
2020.1,양천구,111.4,116.5,115
2020.1,강서구,109.2,113.8,116
2020.1,구로구,110,112.8,117
2020.1,금천구,107.3,109.1,118
2020.1,영등포구,113.9,115.2,119
2020.1,동작구,112.2,114.9,120
2020.1,관악구,107.4,110.1,121
2020.1,서초구,110.1,111.3,122
2020.1,강남구,111.7,113.5,123
2020.1,송파구,112.5,117.8,124
2020.1,강동구,112.4,116.2,125
2020.11,서울시,110.8,113.1,100
2020.11,종로구,109.6,112.4,101
2020.11,중구,112,114.3,102
2020.11,용산구,114.3,114.4,103
2020.11,성동구,113.6,114,104
2020.11,광진구,110.1,112.9,105
2020.11,동대문구,110.9,111.4,106
2020.11,중랑구,108.5,108.2,107
2020.11,성북구,111.8,113.4,108
2020.11,강북구,109.6,115,109
2020.11,도봉구,108,109.8,110
2020.11,노원구,109.1,109.4,111
2020.11,은평구,108.3,110.7,112
2020.11,서대문구,110,111.4,113
2020.11,마포구,115.7,116.6,114
2020.11,양천구,111.5,116.6,115
2020.11,강서구,109.4,113.9,116
2020.11,구로구,110.1,113,117
2020.11,금천구,107.4,109.2,118
2020.11,영등포구,114.1,115.3,119
2020.11,동작구,112.4,115,120
2020.11,관악구,107.6,110.4,121
2020.11,서초구,110.2,111.4,122
2020.11,강남구,111.8,113.6,123
2020.11,송파구,112.6,117.9,124
2020.11,강동구,112.6,116.2,125
2020.12,서울시,111.1,113.5,100
2020.12,종로구,109.8,112.6,101
2020.12,중구,112.3,114.6,102
2020.12,용산구,114.6,114.6,103
2020.12,성동구,113.9,114.3,104
2020.12,광진구,110.4,113.2,105
2020.12,동대문구,111.2,111.8,106
2020.12,중랑구,108.7,108.5,107
2020.12,성북구,112.1,113.6,108
2020.12,강북구,110,115.4,109
2020.12,도봉구,108.3,110.1,110
2020.12,노원구,109.5,109.9,111
2020.12,은평구,108.6,111,112
2020.12,서대문구,110.2,111.6,113
2020.12,마포구,116.1,117,114
2020.12,양천구,111.8,117,115
2020.12,강서구,109.6,114.2,116
2020.12,구로구,110.3,113.2,117
2020.12,금천구,107.6,109.4,118
2020.12,영등포구,114.3,115.6,119
2020.12,동작구,112.5,115.2,120
2020.12,관악구,107.9,110.9,121
2020.12,서초구,110.7,111.8,122
2020.12,강남구,112.1,113.9,123
2020.12,송파구,112.8,118.2,124
2020.12,강동구,112.9,116.5,125
